[2026-01-02 13:29:34.597] [info] Loaded model Pose2Sim_scaled from file C:\Users\BB1\Desktop\MStudio\tests\opensim_output\CMJ_zero.osim
[2026-01-02 13:29:34.598] [warning] Couldn't find file 'r_pelvis.vtp'.
[2026-01-02 13:29:34.598] [warning] Couldn't find file 'l_pelvis.vtp'.
[2026-01-02 13:29:34.598] [warning] Couldn't find file 'sacrum.vtp'.
[2026-01-02 13:29:34.599] [warning] Couldn't find file 'femur_r.vtp'.
[2026-01-02 13:29:34.599] [warning] Couldn't find file 'r_patella.vtp'.
[2026-01-02 13:29:34.599] [warning] Couldn't find file 'tibia_r.vtp'.
[2026-01-02 13:29:34.599] [warning] Couldn't find file 'fibula_r.vtp'.
[2026-01-02 13:29:34.599] [warning] Couldn't find file 'talus_rv.vtp'.
[2026-01-02 13:29:34.599] [warning] Couldn't find file 'foot.vtp'.
[2026-01-02 13:29:34.599] [warning] Couldn't find file 'bofoot.vtp'.
[2026-01-02 13:29:34.600] [warning] Couldn't find file 'femur_l.vtp'.
[2026-01-02 13:29:34.600] [warning] Couldn't find file 'l_patella.vtp'.
[2026-01-02 13:29:34.600] [warning] Couldn't find file 'tibia_l.vtp'.
[2026-01-02 13:29:34.600] [warning] Couldn't find file 'fibula_l.vtp'.
[2026-01-02 13:29:34.600] [warning] Couldn't find file 'talus_lv.vtp'.
[2026-01-02 13:29:34.600] [warning] Couldn't find file 'l_foot.vtp'.
[2026-01-02 13:29:34.600] [warning] Couldn't find file 'l_bofoot.vtp'.
[2026-01-02 13:29:34.600] [warning] Couldn't find file 'lumbar5.vtp'.
[2026-01-02 13:29:34.600] [warning] Couldn't find file 'lumbar4.vtp'.
[2026-01-02 13:29:34.600] [warning] Couldn't find file 'lumbar3.vtp'.
[2026-01-02 13:29:34.600] [warning] Couldn't find file 'lumbar2.vtp'.
[2026-01-02 13:29:34.600] [warning] Couldn't find file 'lumbar1.vtp'.
[2026-01-02 13:29:34.600] [warning] Couldn't find file 'cerv1sm.vtp'.
[2026-01-02 13:29:34.601] [warning] Couldn't find file 'cerv2sm.vtp'.
[2026-01-02 13:29:34.601] [warning] Couldn't find file 'cerv3sm.vtp'.
[2026-01-02 13:29:34.601] [warning] Couldn't find file 'cerv4sm.vtp'.
[2026-01-02 13:29:34.601] [warning] Couldn't find file 'cerv5sm.vtp'.
[2026-01-02 13:29:34.601] [warning] Couldn't find file 'cerv6sm.vtp'.
[2026-01-02 13:29:34.601] [warning] Couldn't find file 'cerv7.vtp'.
[2026-01-02 13:29:34.601] [warning] Couldn't find file 'thoracic12_s.vtp'.
[2026-01-02 13:29:34.601] [warning] Couldn't find file 'thoracic11_s.vtp'.
[2026-01-02 13:29:34.601] [warning] Couldn't find file 'thoracic10_s.vtp'.
[2026-01-02 13:29:34.601] [warning] Couldn't find file 'thoracic9_s.vtp'.
[2026-01-02 13:29:34.601] [warning] Couldn't find file 'thoracic8_s.vtp'.
[2026-01-02 13:29:34.601] [warning] Couldn't find file 'thoracic7_s.vtp'.
[2026-01-02 13:29:34.601] [warning] Couldn't find file 'thoracic6_s.vtp'.
[2026-01-02 13:29:34.602] [warning] Couldn't find file 'thoracic5_s.vtp'.
[2026-01-02 13:29:34.602] [warning] Couldn't find file 'thoracic4_s.vtp'.
[2026-01-02 13:29:34.602] [warning] Couldn't find file 'thoracic3_s.vtp'.
[2026-01-02 13:29:34.602] [warning] Couldn't find file 'thoracic2_s.vtp'.
[2026-01-02 13:29:34.602] [warning] Couldn't find file 'thoracic1_s.vtp'.
[2026-01-02 13:29:34.602] [warning] Couldn't find file 'hat_ribs_scap.vtp'.
[2026-01-02 13:29:34.602] [warning] Couldn't find file 'jaw.vtp'.
[2026-01-02 13:29:34.602] [warning] Couldn't find file 'skull.vtp'.
[2026-01-02 13:29:34.602] [warning] Couldn't find file 'humerus_rv.vtp'.
[2026-01-02 13:29:34.602] [warning] Couldn't find file 'ulna_rv.vtp'.
[2026-01-02 13:29:34.602] [warning] Couldn't find file 'radius_rv.vtp'.
[2026-01-02 13:29:34.602] [warning] Couldn't find file 'pisiform_rvs.vtp'.
[2026-01-02 13:29:34.602] [warning] Couldn't find file 'lunate_rvs.vtp'.
[2026-01-02 13:29:34.603] [warning] Couldn't find file 'scaphoid_rvs.vtp'.
[2026-01-02 13:29:34.603] [warning] Couldn't find file 'triquetrum_rvs.vtp'.
[2026-01-02 13:29:34.603] [warning] Couldn't find file 'hamate_rvs.vtp'.
[2026-01-02 13:29:34.603] [warning] Couldn't find file 'capitate_rvs.vtp'.
[2026-01-02 13:29:34.603] [warning] Couldn't find file 'trapezoid_rvs.vtp'.
[2026-01-02 13:29:34.603] [warning] Couldn't find file 'trapezium_rvs.vtp'.
[2026-01-02 13:29:34.603] [warning] Couldn't find file 'metacarpal2_rvs.vtp'.
[2026-01-02 13:29:34.603] [warning] Couldn't find file 'index_proximal_rvs.vtp'.
[2026-01-02 13:29:34.603] [warning] Couldn't find file 'index_medial_rvs.vtp'.
[2026-01-02 13:29:34.603] [warning] Couldn't find file 'index_distal_rvs.vtp'.
[2026-01-02 13:29:34.603] [warning] Couldn't find file 'metacarpal3_rvs.vtp'.
[2026-01-02 13:29:34.603] [warning] Couldn't find file 'middle_proximal_rvs.vtp'.
[2026-01-02 13:29:34.603] [warning] Couldn't find file 'middle_medial_rvs.vtp'.
[2026-01-02 13:29:34.603] [warning] Couldn't find file 'middle_distal_rvs.vtp'.
[2026-01-02 13:29:34.604] [warning] Couldn't find file 'metacarpal4_rvs.vtp'.
[2026-01-02 13:29:34.604] [warning] Couldn't find file 'ring_proximal_rvs.vtp'.
[2026-01-02 13:29:34.604] [warning] Couldn't find file 'ring_medial_rvs.vtp'.
[2026-01-02 13:29:34.604] [warning] Couldn't find file 'ring_distal_rvs.vtp'.
[2026-01-02 13:29:34.604] [warning] Couldn't find file 'metacarpal5_rvs.vtp'.
[2026-01-02 13:29:34.604] [warning] Couldn't find file 'little_proximal_rvs.vtp'.
[2026-01-02 13:29:34.604] [warning] Couldn't find file 'little_medial_rvs.vtp'.
[2026-01-02 13:29:34.604] [warning] Couldn't find file 'little_distal_rvs.vtp'.
[2026-01-02 13:29:34.604] [warning] Couldn't find file 'metacarpal1_rvs.vtp'.
[2026-01-02 13:29:34.604] [warning] Couldn't find file 'thumb_proximal_rvs.vtp'.
[2026-01-02 13:29:34.604] [warning] Couldn't find file 'thumb_distal_rvs.vtp'.
[2026-01-02 13:29:34.604] [warning] Couldn't find file 'humerus_lv.vtp'.
[2026-01-02 13:29:34.604] [warning] Couldn't find file 'ulna_lv.vtp'.
[2026-01-02 13:29:34.604] [warning] Couldn't find file 'radius_lv.vtp'.
[2026-01-02 13:29:34.604] [warning] Couldn't find file 'pisiform_lvs.vtp'.
[2026-01-02 13:29:34.605] [warning] Couldn't find file 'lunate_lvs.vtp'.
[2026-01-02 13:29:34.605] [warning] Couldn't find file 'scaphoid_lvs.vtp'.
[2026-01-02 13:29:34.605] [warning] Couldn't find file 'triquetrum_lvs.vtp'.
[2026-01-02 13:29:34.605] [warning] Couldn't find file 'hamate_lvs.vtp'.
[2026-01-02 13:29:34.605] [warning] Couldn't find file 'capitate_lvs.vtp'.
[2026-01-02 13:29:34.605] [warning] Couldn't find file 'trapezoid_lvs.vtp'.
[2026-01-02 13:29:34.605] [warning] Couldn't find file 'trapezium_lvs.vtp'.
[2026-01-02 13:29:34.605] [warning] Couldn't find file 'metacarpal2_lvs.vtp'.
[2026-01-02 13:29:34.605] [warning] Couldn't find file 'index_proximal_lvs.vtp'.
[2026-01-02 13:29:34.605] [warning] Couldn't find file 'index_medial_lvs.vtp'.
[2026-01-02 13:29:34.605] [warning] Couldn't find file 'index_distal_lvs.vtp'.
[2026-01-02 13:29:34.605] [warning] Couldn't find file 'metacarpal3_lvs.vtp'.
[2026-01-02 13:29:34.605] [warning] Couldn't find file 'middle_proximal_lvs.vtp'.
[2026-01-02 13:29:34.606] [warning] Couldn't find file 'middle_medial_lvs.vtp'.
[2026-01-02 13:29:34.606] [warning] Couldn't find file 'middle_distal_lvs.vtp'.
[2026-01-02 13:29:34.606] [warning] Couldn't find file 'metacarpal4_lvs.vtp'.
[2026-01-02 13:29:34.606] [warning] Couldn't find file 'ring_proximal_lvs.vtp'.
[2026-01-02 13:29:34.606] [warning] Couldn't find file 'ring_medial_lvs.vtp'.
[2026-01-02 13:29:34.606] [warning] Couldn't find file 'ring_distal_lvs.vtp'.
[2026-01-02 13:29:34.606] [warning] Couldn't find file 'metacarpal5_lvs.vtp'.
[2026-01-02 13:29:34.606] [warning] Couldn't find file 'little_proximal_lvs.vtp'.
[2026-01-02 13:29:34.606] [warning] Couldn't find file 'little_medial_lvs.vtp'.
[2026-01-02 13:29:34.606] [warning] Couldn't find file 'little_distal_lvs.vtp'.
[2026-01-02 13:29:34.607] [warning] Couldn't find file 'metacarpal1_lvs.vtp'.
[2026-01-02 13:29:34.607] [warning] Couldn't find file 'thumb_proximal_lvs.vtp'.
[2026-01-02 13:29:34.607] [warning] Couldn't find file 'thumb_distal_lvs.vtp'.
[2026-01-02 13:29:34.617] [cout] [info] 
               MODEL: Pose2Sim_scaled
         coordinates: 62
              forces: 330
           actuators: 318
             muscles: 318
            analyses: 0
              probes: 0
              bodies: 30
              joints: 30
         constraints: 20
             markers: 22
         controllers: 0
  contact geometries: 13
misc modelcomponents: 0
[2026-01-02 13:29:34.617] [info] Running tool .
[2026-01-02 13:29:34.825] [info] Frame 0 (t = 0.0):	 total squared error = 0.0235822, marker error: RMS = 0.0327402, max = 0.109149 (Head)
[2026-01-02 13:29:34.840] [info] Frame 1 (t = 0.016667):	 total squared error = 0.0234648, marker error: RMS = 0.0326585, max = 0.109009 (Head)
[2026-01-02 13:29:34.902] [info] Frame 2 (t = 0.033333):	 total squared error = 0.0233101, marker error: RMS = 0.0325507, max = 0.108508 (Head)
[2026-01-02 13:29:34.929] [info] Frame 3 (t = 0.05):	 total squared error = 0.0232578, marker error: RMS = 0.0325142, max = 0.108529 (Head)
[2026-01-02 13:29:34.939] [info] Frame 4 (t = 0.066667):	 total squared error = 0.0233246, marker error: RMS = 0.0325609, max = 0.108873 (Head)
[2026-01-02 13:29:34.970] [info] Frame 5 (t = 0.083333):	 total squared error = 0.0233301, marker error: RMS = 0.0325647, max = 0.108654 (Head)
[2026-01-02 13:29:34.982] [info] Frame 6 (t = 0.1):	 total squared error = 0.0233829, marker error: RMS = 0.0326015, max = 0.108853 (Head)
[2026-01-02 13:29:35.007] [info] Frame 7 (t = 0.116667):	 total squared error = 0.0233484, marker error: RMS = 0.0325775, max = 0.108475 (Head)
[2026-01-02 13:29:35.028] [info] Frame 8 (t = 0.133333):	 total squared error = 0.0232776, marker error: RMS = 0.032528, max = 0.108070 (Head)
[2026-01-02 13:29:35.041] [info] Frame 9 (t = 0.15):	 total squared error = 0.0231501, marker error: RMS = 0.0324388, max = 0.107441 (Head)
[2026-01-02 13:29:35.076] [info] Frame 10 (t = 0.166667):	 total squared error = 0.0229437, marker error: RMS = 0.0322939, max = 0.107030 (Head)
[2026-01-02 13:29:35.097] [info] Frame 11 (t = 0.183333):	 total squared error = 0.0227105, marker error: RMS = 0.0321294, max = 0.106429 (Head)
[2026-01-02 13:29:35.118] [info] Frame 12 (t = 0.2):	 total squared error = 0.0224405, marker error: RMS = 0.0319378, max = 0.105938 (Head)
[2026-01-02 13:29:35.155] [info] Frame 13 (t = 0.216667):	 total squared error = 0.0222078, marker error: RMS = 0.0317718, max = 0.105628 (Head)
[2026-01-02 13:29:35.167] [info] Frame 14 (t = 0.233333):	 total squared error = 0.021996, marker error: RMS = 0.0316199, max = 0.105534 (Head)
[2026-01-02 13:29:35.193] [info] Frame 15 (t = 0.25):	 total squared error = 0.0218148, marker error: RMS = 0.0314894, max = 0.105196 (Head)
[2026-01-02 13:29:35.220] [info] Frame 16 (t = 0.266667):	 total squared error = 0.0216783, marker error: RMS = 0.0313907, max = 0.104902 (Head)
[2026-01-02 13:29:35.256] [info] Frame 17 (t = 0.283333):	 total squared error = 0.0215696, marker error: RMS = 0.0313119, max = 0.104594 (Head)
[2026-01-02 13:29:35.267] [info] Frame 18 (t = 0.3):	 total squared error = 0.0215071, marker error: RMS = 0.0312665, max = 0.104478 (Head)
[2026-01-02 13:29:35.283] [info] Frame 19 (t = 0.316667):	 total squared error = 0.0214896, marker error: RMS = 0.0312538, max = 0.104196 (Head)
[2026-01-02 13:29:35.304] [info] Frame 20 (t = 0.333333):	 total squared error = 0.0215431, marker error: RMS = 0.0312927, max = 0.104065 (Head)
[2026-01-02 13:29:35.339] [info] Frame 21 (t = 0.35):	 total squared error = 0.0215792, marker error: RMS = 0.0313189, max = 0.104608 (Head)
[2026-01-02 13:29:35.390] [info] Frame 22 (t = 0.366667):	 total squared error = 0.0216184, marker error: RMS = 0.0313473, max = 0.103959 (Head)
[2026-01-02 13:29:35.418] [info] Frame 23 (t = 0.383333):	 total squared error = 0.0216704, marker error: RMS = 0.031385, max = 0.103729 (Head)
[2026-01-02 13:29:35.447] [info] Frame 24 (t = 0.4):	 total squared error = 0.0217466, marker error: RMS = 0.0314401, max = 0.104285 (Head)
[2026-01-02 13:29:35.480] [info] Frame 25 (t = 0.416667):	 total squared error = 0.0217841, marker error: RMS = 0.0314672, max = 0.104323 (Head)
[2026-01-02 13:29:35.503] [info] Frame 26 (t = 0.433333):	 total squared error = 0.021777, marker error: RMS = 0.0314621, max = 0.103701 (Head)
[2026-01-02 13:29:35.530] [info] Frame 27 (t = 0.45):	 total squared error = 0.0217235, marker error: RMS = 0.0314235, max = 0.103654 (Head)
[2026-01-02 13:29:35.552] [info] Frame 28 (t = 0.466667):	 total squared error = 0.021721, marker error: RMS = 0.0314216, max = 0.102507 (Head)
[2026-01-02 13:29:35.588] [info] Frame 29 (t = 0.483333):	 total squared error = 0.0216115, marker error: RMS = 0.0313423, max = 0.103532 (Head)
[2026-01-02 13:29:35.613] [info] Frame 30 (t = 0.5):	 total squared error = 0.0215816, marker error: RMS = 0.0313206, max = 0.103110 (Head)
[2026-01-02 13:29:35.646] [info] Frame 31 (t = 0.516667):	 total squared error = 0.0215778, marker error: RMS = 0.0313179, max = 0.103161 (Head)
[2026-01-02 13:29:35.672] [info] Frame 32 (t = 0.533333):	 total squared error = 0.0216105, marker error: RMS = 0.0313416, max = 0.102911 (Head)
[2026-01-02 13:29:35.695] [info] Frame 33 (t = 0.55):	 total squared error = 0.0216266, marker error: RMS = 0.0313533, max = 0.102389 (Head)
[2026-01-02 13:29:35.736] [info] Frame 34 (t = 0.566667):	 total squared error = 0.021673, marker error: RMS = 0.0313869, max = 0.103529 (Head)
[2026-01-02 13:29:35.769] [info] Frame 35 (t = 0.583333):	 total squared error = 0.0217311, marker error: RMS = 0.0314289, max = 0.103841 (Head)
[2026-01-02 13:29:35.791] [info] Frame 36 (t = 0.6):	 total squared error = 0.0218032, marker error: RMS = 0.031481, max = 0.103727 (Head)
[2026-01-02 13:29:35.813] [info] Frame 37 (t = 0.616667):	 total squared error = 0.0218458, marker error: RMS = 0.0315118, max = 0.104215 (Head)
[2026-01-02 13:29:35.846] [info] Frame 38 (t = 0.633333):	 total squared error = 0.0218779, marker error: RMS = 0.0315349, max = 0.105037 (Head)
[2026-01-02 13:29:35.875] [info] Frame 39 (t = 0.65):	 total squared error = 0.0218565, marker error: RMS = 0.0315195, max = 0.105155 (Head)
[2026-01-02 13:29:35.903] [info] Frame 40 (t = 0.666667):	 total squared error = 0.0218456, marker error: RMS = 0.0315116, max = 0.105737 (Head)
[2026-01-02 13:29:35.944] [info] Frame 41 (t = 0.683333):	 total squared error = 0.0218068, marker error: RMS = 0.0314836, max = 0.105443 (Head)
[2026-01-02 13:29:35.989] [info] Frame 42 (t = 0.7):	 total squared error = 0.0216897, marker error: RMS = 0.0313989, max = 0.106066 (Head)
[2026-01-02 13:29:36.014] [info] Frame 43 (t = 0.716667):	 total squared error = 0.0214264, marker error: RMS = 0.0312078, max = 0.106147 (Head)
[2026-01-02 13:29:36.051] [info] Frame 44 (t = 0.733333):	 total squared error = 0.0208994, marker error: RMS = 0.0308217, max = 0.105766 (Head)
[2026-01-02 13:29:36.082] [info] Frame 45 (t = 0.75):	 total squared error = 0.0199733, marker error: RMS = 0.0301310, max = 0.104529 (Head)
[2026-01-02 13:29:36.122] [info] Frame 46 (t = 0.766667):	 total squared error = 0.0185164, marker error: RMS = 0.0290113, max = 0.101723 (Head)
[2026-01-02 13:29:36.155] [info] Frame 47 (t = 0.783333):	 total squared error = 0.0165808, marker error: RMS = 0.0274531, max = 0.0974442 (Head)
[2026-01-02 13:29:36.197] [info] Frame 48 (t = 0.8):	 total squared error = 0.0143155, marker error: RMS = 0.0255089, max = 0.0909098 (Head)
[2026-01-02 13:29:36.239] [info] Frame 49 (t = 0.816667):	 total squared error = 0.0120725, marker error: RMS = 0.0234254, max = 0.0823916 (Head)
[2026-01-02 13:29:36.304] [info] Frame 50 (t = 0.833333):	 total squared error = 0.0102508, marker error: RMS = 0.0215858, max = 0.071929 (Head)
[2026-01-02 13:29:36.346] [info] Frame 51 (t = 0.85):	 total squared error = 0.00937227, marker error: RMS = 0.0206401, max = 0.0603168 (Head)
[2026-01-02 13:29:36.395] [info] Frame 52 (t = 0.866667):	 total squared error = 0.00983769, marker error: RMS = 0.0211463, max = 0.0481992 (Head)
[2026-01-02 13:29:36.450] [info] Frame 53 (t = 0.883333):	 total squared error = 0.0119207, marker error: RMS = 0.0232776, max = 0.0471693 (Neck)
[2026-01-02 13:29:36.517] [info] Frame 54 (t = 0.9):	 total squared error = 0.0156080, marker error: RMS = 0.0266356, max = 0.066193 (Neck)
[2026-01-02 13:29:36.561] [info] Frame 55 (t = 0.916667):	 total squared error = 0.0206388, marker error: RMS = 0.0306288, max = 0.0857653 (Neck)
[2026-01-02 13:29:36.710] [info] Frame 56 (t = 0.933333):	 total squared error = 0.0264278, marker error: RMS = 0.0346592, max = 0.104903 (Neck)
[2026-01-02 13:29:36.754] [info] Frame 57 (t = 0.95):	 total squared error = 0.0327787, marker error: RMS = 0.0385997, max = 0.122232 (Neck)
[2026-01-02 13:29:36.811] [info] Frame 58 (t = 0.966667):	 total squared error = 0.0400941, marker error: RMS = 0.0426903, max = 0.136739 (Neck)
[2026-01-02 13:29:36.868] [info] Frame 59 (t = 0.983333):	 total squared error = 0.0502263, marker error: RMS = 0.0477809, max = 0.149095 (Neck)
[2026-01-02 13:29:36.949] [info] Frame 60 (t = 1.0):	 total squared error = 0.0658959, marker error: RMS = 0.0547291, max = 0.160672 (Neck)
[2026-01-02 13:29:36.992] [info] Frame 61 (t = 1.01667):	 total squared error = 0.0887074, marker error: RMS = 0.0634993, max = 0.173119 (Neck)
[2026-01-02 13:29:37.023] [info] Frame 62 (t = 1.03333):	 total squared error = 0.117346, marker error: RMS = 0.0730338, max = 0.187174 (Neck)
[2026-01-02 13:29:37.051] [info] Frame 63 (t = 1.05):	 total squared error = 0.149505, marker error: RMS = 0.0824359, max = 0.219801 (Head)
[2026-01-02 13:29:37.088] [info] Frame 64 (t = 1.06667):	 total squared error = 0.183768, marker error: RMS = 0.0913954, max = 0.262382 (Head)
[2026-01-02 13:29:37.152] [info] Frame 65 (t = 1.08333):	 total squared error = 0.217282, marker error: RMS = 0.0993804, max = 0.302958 (Head)
[2026-01-02 13:29:37.189] [info] Frame 66 (t = 1.1):	 total squared error = 0.244545, marker error: RMS = 0.105431, max = 0.333509 (Head)
[2026-01-02 13:29:37.219] [info] Frame 67 (t = 1.11667):	 total squared error = 0.259986, marker error: RMS = 0.108709, max = 0.350033 (Head)
[2026-01-02 13:29:37.244] [info] Frame 68 (t = 1.13333):	 total squared error = 0.261428, marker error: RMS = 0.109010, max = 0.351393 (Head)
[2026-01-02 13:29:37.287] [info] Frame 69 (t = 1.15):	 total squared error = 0.249457, marker error: RMS = 0.106485, max = 0.340044 (Head)
[2026-01-02 13:29:37.328] [info] Frame 70 (t = 1.16667):	 total squared error = 0.226001, marker error: RMS = 0.101355, max = 0.318786 (Head)
[2026-01-02 13:29:37.371] [info] Frame 71 (t = 1.18333):	 total squared error = 0.194552, marker error: RMS = 0.0940387, max = 0.290080 (Head)
[2026-01-02 13:29:37.426] [info] Frame 72 (t = 1.2):	 total squared error = 0.15966, marker error: RMS = 0.0851895, max = 0.256195 (Head)
[2026-01-02 13:29:37.493] [info] Frame 73 (t = 1.21667):	 total squared error = 0.126098, marker error: RMS = 0.0757080, max = 0.219561 (Head)
[2026-01-02 13:29:37.534] [info] Frame 74 (t = 1.23333):	 total squared error = 0.0974123, marker error: RMS = 0.0665419, max = 0.183595 (Head)
[2026-01-02 13:29:37.573] [info] Frame 75 (t = 1.25):	 total squared error = 0.0753464, marker error: RMS = 0.0585221, max = 0.152789 (Head)
[2026-01-02 13:29:37.618] [info] Frame 76 (t = 1.26667):	 total squared error = 0.0596016, marker error: RMS = 0.0520496, max = 0.131477 (Head)
[2026-01-02 13:29:37.662] [info] Frame 77 (t = 1.28333):	 total squared error = 0.0486744, marker error: RMS = 0.0470369, max = 0.120837 (Head)
[2026-01-02 13:29:37.690] [info] Frame 78 (t = 1.3):	 total squared error = 0.0412322, marker error: RMS = 0.0432919, max = 0.117982 (Head)
[2026-01-02 13:29:37.738] [info] Frame 79 (t = 1.31667):	 total squared error = 0.0363663, marker error: RMS = 0.0406573, max = 0.121076 (Head)
[2026-01-02 13:29:37.781] [info] Frame 80 (t = 1.33333):	 total squared error = 0.0341907, marker error: RMS = 0.0394223, max = 0.124335 (Head)
[2026-01-02 13:29:37.823] [info] Frame 81 (t = 1.35):	 total squared error = 0.0339529, marker error: RMS = 0.039285, max = 0.126118 (Head)
[2026-01-02 13:29:37.850] [info] Frame 82 (t = 1.36667):	 total squared error = 0.034358, marker error: RMS = 0.0395187, max = 0.124583 (Head)
[2026-01-02 13:29:37.920] [info] Frame 83 (t = 1.38333):	 total squared error = 0.0340189, marker error: RMS = 0.0393232, max = 0.121175 (Head)
[2026-01-02 13:29:37.962] [info] Frame 84 (t = 1.4):	 total squared error = 0.0326152, marker error: RMS = 0.0385034, max = 0.115654 (Head)
[2026-01-02 13:29:38.053] [info] Frame 85 (t = 1.41667):	 total squared error = 0.0306513, marker error: RMS = 0.0373262, max = 0.11114 (Head)
[2026-01-02 13:29:38.126] [info] Frame 86 (t = 1.43333):	 total squared error = 0.0290124, marker error: RMS = 0.0363145, max = 0.108858 (Head)
[2026-01-02 13:29:38.168] [info] Frame 87 (t = 1.45):	 total squared error = 0.0282839, marker error: RMS = 0.0358557, max = 0.108011 (Head)
[2026-01-02 13:29:38.196] [info] Frame 88 (t = 1.46667):	 total squared error = 0.0282713, marker error: RMS = 0.0358477, max = 0.107904 (Head)
[2026-01-02 13:29:38.266] [info] Frame 89 (t = 1.48333):	 total squared error = 0.0281067, marker error: RMS = 0.0357432, max = 0.108382 (Head)
[2026-01-02 13:29:38.325] [info] Frame 90 (t = 1.5):	 total squared error = 0.0276898, marker error: RMS = 0.0354771, max = 0.104713 (Head)
[2026-01-02 13:29:38.387] [info] Frame 91 (t = 1.51667):	 total squared error = 0.0272712, marker error: RMS = 0.0352079, max = 0.100209 (Head)
[2026-01-02 13:29:38.430] [info] Frame 92 (t = 1.53333):	 total squared error = 0.0273502, marker error: RMS = 0.0352589, max = 0.0950895 (Head)
[2026-01-02 13:29:38.495] [info] Frame 93 (t = 1.55):	 total squared error = 0.0279016, marker error: RMS = 0.0356125, max = 0.0928152 (Nose)
[2026-01-02 13:29:38.564] [info] Frame 94 (t = 1.56667):	 total squared error = 0.0284151, marker error: RMS = 0.0359388, max = 0.0939604 (Nose)
[2026-01-02 13:29:38.641] [info] Frame 95 (t = 1.58333):	 total squared error = 0.028397, marker error: RMS = 0.0359273, max = 0.0955199 (Nose)
[2026-01-02 13:29:38.690] [info] Frame 96 (t = 1.6):	 total squared error = 0.0279382, marker error: RMS = 0.0356359, max = 0.0972298 (Nose)
[2026-01-02 13:29:38.718] [info] Frame 97 (t = 1.61667):	 total squared error = 0.0272443, marker error: RMS = 0.0351906, max = 0.0951391 (Nose)
[2026-01-02 13:29:38.749] [info] Frame 98 (t = 1.63333):	 total squared error = 0.0268786, marker error: RMS = 0.0349536, max = 0.0960094 (Nose)
[2026-01-02 13:29:38.800] [info] Frame 99 (t = 1.65):	 total squared error = 0.0271445, marker error: RMS = 0.0351261, max = 0.104091 (Nose)
[2026-01-02 13:29:38.821] [info] Frame 100 (t = 1.66667):	 total squared error = 0.028152, marker error: RMS = 0.035772, max = 0.101358 (Nose)
[2026-01-02 13:29:38.860] [info] Frame 101 (t = 1.68333):	 total squared error = 0.0291289, marker error: RMS = 0.0363874, max = 0.108323 (Nose)
[2026-01-02 13:29:38.886] [info] Frame 102 (t = 1.7):	 total squared error = 0.0299803, marker error: RMS = 0.0369153, max = 0.107608 (Nose)
[2026-01-02 13:29:38.914] [info] Frame 103 (t = 1.71667):	 total squared error = 0.0301409, marker error: RMS = 0.0370141, max = 0.107682 (Nose)
[2026-01-02 13:29:38.955] [info] Frame 104 (t = 1.73333):	 total squared error = 0.0295118, marker error: RMS = 0.0366257, max = 0.107840 (Nose)
[2026-01-02 13:29:38.996] [info] Frame 105 (t = 1.75):	 total squared error = 0.0286203, marker error: RMS = 0.0360683, max = 0.104608 (Nose)
[2026-01-02 13:29:39.051] [info] Frame 106 (t = 1.76667):	 total squared error = 0.0278087, marker error: RMS = 0.0355532, max = 0.100213 (Nose)
[2026-01-02 13:29:39.095] [info] Frame 107 (t = 1.78333):	 total squared error = 0.0275369, marker error: RMS = 0.0353791, max = 0.0958616 (Nose)
[2026-01-02 13:29:39.137] [info] Frame 108 (t = 1.8):	 total squared error = 0.0280590, marker error: RMS = 0.0357129, max = 0.0942699 (Nose)
[2026-01-02 13:29:39.177] [info] Frame 109 (t = 1.81667):	 total squared error = 0.0292833, marker error: RMS = 0.0364837, max = 0.0929942 (Nose)
[2026-01-02 13:29:39.221] [info] Frame 110 (t = 1.83333):	 total squared error = 0.0308565, marker error: RMS = 0.0374509, max = 0.0916538 (Nose)
[2026-01-02 13:29:39.283] [info] Frame 111 (t = 1.85):	 total squared error = 0.0323884, marker error: RMS = 0.0383692, max = 0.0910650 (Nose)
[2026-01-02 13:29:39.331] [info] Frame 112 (t = 1.86667):	 total squared error = 0.0334071, marker error: RMS = 0.038968, max = 0.0908602 (Nose)
[2026-01-02 13:29:39.367] [info] Frame 113 (t = 1.88333):	 total squared error = 0.0334878, marker error: RMS = 0.0390150, max = 0.0907132 (Head)
[2026-01-02 13:29:39.415] [info] Frame 114 (t = 1.9):	 total squared error = 0.0318941, marker error: RMS = 0.0380754, max = 0.0959566 (Head)
[2026-01-02 13:29:39.476] [info] Frame 115 (t = 1.91667):	 total squared error = 0.0285696, marker error: RMS = 0.0360363, max = 0.0963999 (Head)
[2026-01-02 13:29:39.522] [info] Frame 116 (t = 1.93333):	 total squared error = 0.0237811, marker error: RMS = 0.0328779, max = 0.092962 (Head)
[2026-01-02 13:29:39.563] [info] Frame 117 (t = 1.95):	 total squared error = 0.0186495, marker error: RMS = 0.0291154, max = 0.0860309 (Head)
[2026-01-02 13:29:39.600] [info] Frame 118 (t = 1.96667):	 total squared error = 0.0144017, marker error: RMS = 0.0255856, max = 0.0764553 (Head)
[2026-01-02 13:29:39.645] [info] Frame 119 (t = 1.98333):	 total squared error = 0.0117881, marker error: RMS = 0.0231479, max = 0.0650297 (Head)
[2026-01-02 13:29:39.740] [info] Frame 120 (t = 2.0):	 total squared error = 0.0107756, marker error: RMS = 0.0221314, max = 0.0546561 (Head)
[2026-01-02 13:29:39.781] [info] Frame 121 (t = 2.01667):	 total squared error = 0.0111858, marker error: RMS = 0.0225487, max = 0.0436836 (Head)
[2026-01-02 13:29:39.842] [info] Frame 122 (t = 2.03333):	 total squared error = 0.0130670, marker error: RMS = 0.0243712, max = 0.0449485 (RShoulder)
[2026-01-02 13:29:39.882] [info] Frame 123 (t = 2.05):	 total squared error = 0.0163914, marker error: RMS = 0.0272958, max = 0.0561994 (Neck)
[2026-01-02 13:29:39.956] [info] Frame 124 (t = 2.06667):	 total squared error = 0.0206856, marker error: RMS = 0.0306636, max = 0.0678959 (Neck)
[2026-01-02 13:29:40.011] [info] Frame 125 (t = 2.08333):	 total squared error = 0.0254782, marker error: RMS = 0.0340309, max = 0.0793299 (Neck)
[2026-01-02 13:29:40.078] [info] Frame 126 (t = 2.1):	 total squared error = 0.0302207, marker error: RMS = 0.0370630, max = 0.0886586 (Neck)
[2026-01-02 13:29:40.123] [info] Frame 127 (t = 2.11667):	 total squared error = 0.0341737, marker error: RMS = 0.0394125, max = 0.0950190 (Neck)
[2026-01-02 13:29:40.155] [info] Frame 128 (t = 2.13333):	 total squared error = 0.0370137, marker error: RMS = 0.0410176, max = 0.09921 (Neck)
[2026-01-02 13:29:40.223] [info] Frame 129 (t = 2.15):	 total squared error = 0.0398912, marker error: RMS = 0.0425821, max = 0.103531 (Neck)
[2026-01-02 13:29:40.321] [info] Frame 130 (t = 2.16667):	 total squared error = 0.0455359, marker error: RMS = 0.0454952, max = 0.111194 (Neck)
[2026-01-02 13:29:40.358] [info] Frame 131 (t = 2.18333):	 total squared error = 0.0572625, marker error: RMS = 0.0510181, max = 0.124395 (Neck)
[2026-01-02 13:29:40.385] [info] Frame 132 (t = 2.2):	 total squared error = 0.0776109, marker error: RMS = 0.059395, max = 0.142983 (Neck)
[2026-01-02 13:29:40.419] [info] Frame 133 (t = 2.21667):	 total squared error = 0.107425, marker error: RMS = 0.0698782, max = 0.187058 (Head)
[2026-01-02 13:29:40.466] [info] Frame 134 (t = 2.23333):	 total squared error = 0.143141, marker error: RMS = 0.0806623, max = 0.228719 (Head)
[2026-01-02 13:29:40.531] [info] Frame 135 (t = 2.25):	 total squared error = 0.176857, marker error: RMS = 0.0896601, max = 0.259382 (Head)
[2026-01-02 13:29:40.581] [info] Frame 136 (t = 2.26667):	 total squared error = 0.200242, marker error: RMS = 0.0954039, max = 0.274329 (Head)
[2026-01-02 13:29:40.630] [info] Frame 137 (t = 2.28333):	 total squared error = 0.207105, marker error: RMS = 0.0970250, max = 0.274615 (Head)
[2026-01-02 13:29:40.675] [info] Frame 138 (t = 2.3):	 total squared error = 0.195903, marker error: RMS = 0.0943646, max = 0.261846 (Head)
[2026-01-02 13:29:40.717] [info] Frame 139 (t = 2.31667):	 total squared error = 0.171533, marker error: RMS = 0.0883003, max = 0.238699 (Head)
[2026-01-02 13:29:40.767] [info] Frame 140 (t = 2.33333):	 total squared error = 0.142905, marker error: RMS = 0.0805958, max = 0.211146 (Head)
[2026-01-02 13:29:40.807] [info] Frame 141 (t = 2.35):	 total squared error = 0.117162, marker error: RMS = 0.0729764, max = 0.18534 (Head)
[2026-01-02 13:29:40.855] [info] Frame 142 (t = 2.36667):	 total squared error = 0.096788, marker error: RMS = 0.0663284, max = 0.164722 (Head)
[2026-01-02 13:29:40.890] [info] Frame 143 (t = 2.38333):	 total squared error = 0.0814332, marker error: RMS = 0.0608400, max = 0.147733 (Head)
[2026-01-02 13:29:40.916] [info] Frame 144 (t = 2.4):	 total squared error = 0.0699767, marker error: RMS = 0.0563982, max = 0.135348 (Head)
[2026-01-02 13:29:40.947] [info] Frame 145 (t = 2.41667):	 total squared error = 0.0609039, marker error: RMS = 0.0526152, max = 0.127163 (Head)
[2026-01-02 13:29:40.994] [info] Frame 146 (t = 2.43333):	 total squared error = 0.0532611, marker error: RMS = 0.0492033, max = 0.121925 (Head)
[2026-01-02 13:29:41.027] [info] Frame 147 (t = 2.45):	 total squared error = 0.0467665, marker error: RMS = 0.0461058, max = 0.116726 (Head)
[2026-01-02 13:29:41.127] [info] Frame 148 (t = 2.46667):	 total squared error = 0.0410089, marker error: RMS = 0.0431745, max = 0.113288 (Head)
[2026-01-02 13:29:41.168] [info] Frame 149 (t = 2.48333):	 total squared error = 0.036389, marker error: RMS = 0.0406700, max = 0.110456 (Head)
[2026-01-02 13:29:41.206] [info] Frame 150 (t = 2.5):	 total squared error = 0.0326967, marker error: RMS = 0.0385514, max = 0.108625 (Head)
[2026-01-02 13:29:41.240] [info] Frame 151 (t = 2.51667):	 total squared error = 0.0298489, marker error: RMS = 0.0368343, max = 0.107172 (Head)
[2026-01-02 13:29:41.275] [info] Frame 152 (t = 2.53333):	 total squared error = 0.0276007, marker error: RMS = 0.03542, max = 0.106108 (Head)
[2026-01-02 13:29:41.308] [info] Frame 153 (t = 2.55):	 total squared error = 0.0258185, marker error: RMS = 0.0342574, max = 0.105635 (Head)
[2026-01-02 13:29:41.399] [info] Frame 154 (t = 2.56667):	 total squared error = 0.0243374, marker error: RMS = 0.0332603, max = 0.105765 (Head)
[2026-01-02 13:29:41.438] [info] Frame 155 (t = 2.58333):	 total squared error = 0.0232009, marker error: RMS = 0.0324744, max = 0.105460 (Head)
[2026-01-02 13:29:41.471] [info] Frame 156 (t = 2.6):	 total squared error = 0.0223495, marker error: RMS = 0.031873, max = 0.105496 (Head)
[2026-01-02 13:29:41.528] [info] Frame 157 (t = 2.61667):	 total squared error = 0.0217764, marker error: RMS = 0.0314617, max = 0.104929 (Head)
[2026-01-02 13:29:41.562] [info] Frame 158 (t = 2.63333):	 total squared error = 0.0213573, marker error: RMS = 0.0311575, max = 0.104652 (Head)
[2026-01-02 13:29:41.614] [info] Frame 159 (t = 2.65):	 total squared error = 0.0209956, marker error: RMS = 0.0308925, max = 0.104012 (Head)
[2026-01-02 13:29:41.649] [info] Frame 160 (t = 2.66667):	 total squared error = 0.0207222, marker error: RMS = 0.0306907, max = 0.103562 (Head)
[2026-01-02 13:29:41.724] [info] Frame 161 (t = 2.68333):	 total squared error = 0.0205102, marker error: RMS = 0.0305333, max = 0.103455 (Head)
[2026-01-02 13:29:41.761] [info] Frame 162 (t = 2.7):	 total squared error = 0.0203790, marker error: RMS = 0.0304355, max = 0.103643 (Head)
[2026-01-02 13:29:41.797] [info] Frame 163 (t = 2.71667):	 total squared error = 0.0202449, marker error: RMS = 0.0303352, max = 0.103859 (Head)
[2026-01-02 13:29:41.834] [info] Frame 164 (t = 2.73333):	 total squared error = 0.0200387, marker error: RMS = 0.0301803, max = 0.103849 (Head)
[2026-01-02 13:29:41.884] [info] Frame 165 (t = 2.75):	 total squared error = 0.0197905, marker error: RMS = 0.0299928, max = 0.103915 (Head)
[2026-01-02 13:29:41.918] [info] Frame 166 (t = 2.76667):	 total squared error = 0.0195712, marker error: RMS = 0.0298262, max = 0.103437 (Head)
[2026-01-02 13:29:41.987] [info] Frame 167 (t = 2.78333):	 total squared error = 0.0193888, marker error: RMS = 0.0296868, max = 0.103440 (Head)
[2026-01-02 13:29:42.024] [info] Frame 168 (t = 2.8):	 total squared error = 0.0192924, marker error: RMS = 0.0296129, max = 0.103109 (Head)
[2026-01-02 13:29:42.061] [info] Frame 169 (t = 2.81667):	 total squared error = 0.0192368, marker error: RMS = 0.0295703, max = 0.103026 (Head)
[2026-01-02 13:29:42.091] [info] Frame 170 (t = 2.83333):	 total squared error = 0.0192634, marker error: RMS = 0.0295907, max = 0.102912 (Head)
[2026-01-02 13:29:42.115] [info] Frame 171 (t = 2.85):	 total squared error = 0.0193355, marker error: RMS = 0.029646, max = 0.103025 (Head)
[2026-01-02 13:29:42.156] [info] Frame 172 (t = 2.86667):	 total squared error = 0.0195132, marker error: RMS = 0.0297819, max = 0.103599 (Head)
[2026-01-02 13:29:42.185] [info] Frame 173 (t = 2.88333):	 total squared error = 0.0196866, marker error: RMS = 0.0299139, max = 0.103967 (Head)
[2026-01-02 13:29:42.220] [info] Frame 174 (t = 2.9):	 total squared error = 0.0198604, marker error: RMS = 0.0300457, max = 0.104215 (Head)
[2026-01-02 13:29:42.247] [info] Frame 175 (t = 2.91667):	 total squared error = 0.0199618, marker error: RMS = 0.0301223, max = 0.104331 (Head)
[2026-01-02 13:29:42.273] [info] Frame 176 (t = 2.93333):	 total squared error = 0.0199963, marker error: RMS = 0.0301483, max = 0.104316 (Head)
[2026-01-02 13:29:42.364] [info] Frame 177 (t = 2.95):	 total squared error = 0.0199853, marker error: RMS = 0.0301401, max = 0.104046 (Head)
[2026-01-02 13:29:42.369] [info] InverseKinematicsTool completed 178 frames in 8 second(s).
[2026-01-02 13:29:43.774] [info] Loaded model Pose2Sim_scaled from file C:\Users\BB1\Desktop\MStudio\tests\opensim_output\CMJ_zero.osim
[2026-01-02 13:29:43.775] [warning] Couldn't find file 'r_pelvis.vtp'.
[2026-01-02 13:29:43.775] [warning] Couldn't find file 'l_pelvis.vtp'.
[2026-01-02 13:29:43.775] [warning] Couldn't find file 'sacrum.vtp'.
[2026-01-02 13:29:43.775] [warning] Couldn't find file 'femur_r.vtp'.
[2026-01-02 13:29:43.775] [warning] Couldn't find file 'r_patella.vtp'.
[2026-01-02 13:29:43.776] [warning] Couldn't find file 'tibia_r.vtp'.
[2026-01-02 13:29:43.776] [warning] Couldn't find file 'fibula_r.vtp'.
[2026-01-02 13:29:43.776] [warning] Couldn't find file 'talus_rv.vtp'.
[2026-01-02 13:29:43.776] [warning] Couldn't find file 'foot.vtp'.
[2026-01-02 13:29:43.776] [warning] Couldn't find file 'bofoot.vtp'.
[2026-01-02 13:29:43.776] [warning] Couldn't find file 'femur_l.vtp'.
[2026-01-02 13:29:43.776] [warning] Couldn't find file 'l_patella.vtp'.
[2026-01-02 13:29:43.776] [warning] Couldn't find file 'tibia_l.vtp'.
[2026-01-02 13:29:43.776] [warning] Couldn't find file 'fibula_l.vtp'.
[2026-01-02 13:29:43.776] [warning] Couldn't find file 'talus_lv.vtp'.
[2026-01-02 13:29:43.776] [warning] Couldn't find file 'l_foot.vtp'.
[2026-01-02 13:29:43.776] [warning] Couldn't find file 'l_bofoot.vtp'.
[2026-01-02 13:29:43.777] [warning] Couldn't find file 'lumbar5.vtp'.
[2026-01-02 13:29:43.777] [warning] Couldn't find file 'lumbar4.vtp'.
[2026-01-02 13:29:43.777] [warning] Couldn't find file 'lumbar3.vtp'.
[2026-01-02 13:29:43.777] [warning] Couldn't find file 'lumbar2.vtp'.
[2026-01-02 13:29:43.777] [warning] Couldn't find file 'lumbar1.vtp'.
[2026-01-02 13:29:43.777] [warning] Couldn't find file 'cerv1sm.vtp'.
[2026-01-02 13:29:43.777] [warning] Couldn't find file 'cerv2sm.vtp'.
[2026-01-02 13:29:43.777] [warning] Couldn't find file 'cerv3sm.vtp'.
[2026-01-02 13:29:43.777] [warning] Couldn't find file 'cerv4sm.vtp'.
[2026-01-02 13:29:43.777] [warning] Couldn't find file 'cerv5sm.vtp'.
[2026-01-02 13:29:43.777] [warning] Couldn't find file 'cerv6sm.vtp'.
[2026-01-02 13:29:43.777] [warning] Couldn't find file 'cerv7.vtp'.
[2026-01-02 13:29:43.778] [warning] Couldn't find file 'thoracic12_s.vtp'.
[2026-01-02 13:29:43.778] [warning] Couldn't find file 'thoracic11_s.vtp'.
[2026-01-02 13:29:43.778] [warning] Couldn't find file 'thoracic10_s.vtp'.
[2026-01-02 13:29:43.778] [warning] Couldn't find file 'thoracic9_s.vtp'.
[2026-01-02 13:29:43.778] [warning] Couldn't find file 'thoracic8_s.vtp'.
[2026-01-02 13:29:43.778] [warning] Couldn't find file 'thoracic7_s.vtp'.
[2026-01-02 13:29:43.778] [warning] Couldn't find file 'thoracic6_s.vtp'.
[2026-01-02 13:29:43.778] [warning] Couldn't find file 'thoracic5_s.vtp'.
[2026-01-02 13:29:43.778] [warning] Couldn't find file 'thoracic4_s.vtp'.
[2026-01-02 13:29:43.778] [warning] Couldn't find file 'thoracic3_s.vtp'.
[2026-01-02 13:29:43.778] [warning] Couldn't find file 'thoracic2_s.vtp'.
[2026-01-02 13:29:43.779] [warning] Couldn't find file 'thoracic1_s.vtp'.
[2026-01-02 13:29:43.779] [warning] Couldn't find file 'hat_ribs_scap.vtp'.
[2026-01-02 13:29:43.779] [warning] Couldn't find file 'jaw.vtp'.
[2026-01-02 13:29:43.779] [warning] Couldn't find file 'skull.vtp'.
[2026-01-02 13:29:43.779] [warning] Couldn't find file 'humerus_rv.vtp'.
[2026-01-02 13:29:43.779] [warning] Couldn't find file 'ulna_rv.vtp'.
[2026-01-02 13:29:43.779] [warning] Couldn't find file 'radius_rv.vtp'.
[2026-01-02 13:29:43.779] [warning] Couldn't find file 'pisiform_rvs.vtp'.
[2026-01-02 13:29:43.779] [warning] Couldn't find file 'lunate_rvs.vtp'.
[2026-01-02 13:29:43.779] [warning] Couldn't find file 'scaphoid_rvs.vtp'.
[2026-01-02 13:29:43.779] [warning] Couldn't find file 'triquetrum_rvs.vtp'.
[2026-01-02 13:29:43.780] [warning] Couldn't find file 'hamate_rvs.vtp'.
[2026-01-02 13:29:43.780] [warning] Couldn't find file 'capitate_rvs.vtp'.
[2026-01-02 13:29:43.780] [warning] Couldn't find file 'trapezoid_rvs.vtp'.
[2026-01-02 13:29:43.780] [warning] Couldn't find file 'trapezium_rvs.vtp'.
[2026-01-02 13:29:43.780] [warning] Couldn't find file 'metacarpal2_rvs.vtp'.
[2026-01-02 13:29:43.780] [warning] Couldn't find file 'index_proximal_rvs.vtp'.
[2026-01-02 13:29:43.780] [warning] Couldn't find file 'index_medial_rvs.vtp'.
[2026-01-02 13:29:43.780] [warning] Couldn't find file 'index_distal_rvs.vtp'.
[2026-01-02 13:29:43.780] [warning] Couldn't find file 'metacarpal3_rvs.vtp'.
[2026-01-02 13:29:43.780] [warning] Couldn't find file 'middle_proximal_rvs.vtp'.
[2026-01-02 13:29:43.781] [warning] Couldn't find file 'middle_medial_rvs.vtp'.
[2026-01-02 13:29:43.781] [warning] Couldn't find file 'middle_distal_rvs.vtp'.
[2026-01-02 13:29:43.781] [warning] Couldn't find file 'metacarpal4_rvs.vtp'.
[2026-01-02 13:29:43.781] [warning] Couldn't find file 'ring_proximal_rvs.vtp'.
[2026-01-02 13:29:43.781] [warning] Couldn't find file 'ring_medial_rvs.vtp'.
[2026-01-02 13:29:43.781] [warning] Couldn't find file 'ring_distal_rvs.vtp'.
[2026-01-02 13:29:43.781] [warning] Couldn't find file 'metacarpal5_rvs.vtp'.
[2026-01-02 13:29:43.781] [warning] Couldn't find file 'little_proximal_rvs.vtp'.
[2026-01-02 13:29:43.781] [warning] Couldn't find file 'little_medial_rvs.vtp'.
[2026-01-02 13:29:43.781] [warning] Couldn't find file 'little_distal_rvs.vtp'.
[2026-01-02 13:29:43.781] [warning] Couldn't find file 'metacarpal1_rvs.vtp'.
[2026-01-02 13:29:43.781] [warning] Couldn't find file 'thumb_proximal_rvs.vtp'.
[2026-01-02 13:29:43.781] [warning] Couldn't find file 'thumb_distal_rvs.vtp'.
[2026-01-02 13:29:43.782] [warning] Couldn't find file 'humerus_lv.vtp'.
[2026-01-02 13:29:43.782] [warning] Couldn't find file 'ulna_lv.vtp'.
[2026-01-02 13:29:43.782] [warning] Couldn't find file 'radius_lv.vtp'.
[2026-01-02 13:29:43.782] [warning] Couldn't find file 'pisiform_lvs.vtp'.
[2026-01-02 13:29:43.782] [warning] Couldn't find file 'lunate_lvs.vtp'.
[2026-01-02 13:29:43.782] [warning] Couldn't find file 'scaphoid_lvs.vtp'.
[2026-01-02 13:29:43.782] [warning] Couldn't find file 'triquetrum_lvs.vtp'.
[2026-01-02 13:29:43.782] [warning] Couldn't find file 'hamate_lvs.vtp'.
[2026-01-02 13:29:43.782] [warning] Couldn't find file 'capitate_lvs.vtp'.
[2026-01-02 13:29:43.782] [warning] Couldn't find file 'trapezoid_lvs.vtp'.
[2026-01-02 13:29:43.782] [warning] Couldn't find file 'trapezium_lvs.vtp'.
[2026-01-02 13:29:43.782] [warning] Couldn't find file 'metacarpal2_lvs.vtp'.
[2026-01-02 13:29:43.782] [warning] Couldn't find file 'index_proximal_lvs.vtp'.
[2026-01-02 13:29:43.783] [warning] Couldn't find file 'index_medial_lvs.vtp'.
[2026-01-02 13:29:43.783] [warning] Couldn't find file 'index_distal_lvs.vtp'.
[2026-01-02 13:29:43.783] [warning] Couldn't find file 'metacarpal3_lvs.vtp'.
[2026-01-02 13:29:43.783] [warning] Couldn't find file 'middle_proximal_lvs.vtp'.
[2026-01-02 13:29:43.783] [warning] Couldn't find file 'middle_medial_lvs.vtp'.
[2026-01-02 13:29:43.783] [warning] Couldn't find file 'middle_distal_lvs.vtp'.
[2026-01-02 13:29:43.783] [warning] Couldn't find file 'metacarpal4_lvs.vtp'.
[2026-01-02 13:29:43.783] [warning] Couldn't find file 'ring_proximal_lvs.vtp'.
[2026-01-02 13:29:43.783] [warning] Couldn't find file 'ring_medial_lvs.vtp'.
[2026-01-02 13:29:43.783] [warning] Couldn't find file 'ring_distal_lvs.vtp'.
[2026-01-02 13:29:43.783] [warning] Couldn't find file 'metacarpal5_lvs.vtp'.
[2026-01-02 13:29:43.783] [warning] Couldn't find file 'little_proximal_lvs.vtp'.
[2026-01-02 13:29:43.784] [warning] Couldn't find file 'little_medial_lvs.vtp'.
[2026-01-02 13:29:43.784] [warning] Couldn't find file 'little_distal_lvs.vtp'.
[2026-01-02 13:29:43.784] [warning] Couldn't find file 'metacarpal1_lvs.vtp'.
[2026-01-02 13:29:43.784] [warning] Couldn't find file 'thumb_proximal_lvs.vtp'.
[2026-01-02 13:29:43.784] [warning] Couldn't find file 'thumb_distal_lvs.vtp'.
[2026-01-02 13:35:34.758] [info] Loaded model Pose2Sim_scaled from file C:\Users\BB1\Desktop\MStudio\tests\opensim_output\CMJ_zero.osim
[2026-01-02 13:35:34.760] [warning] Couldn't find file 'r_pelvis.vtp'.
[2026-01-02 13:35:34.760] [warning] Couldn't find file 'l_pelvis.vtp'.
[2026-01-02 13:35:34.760] [warning] Couldn't find file 'sacrum.vtp'.
[2026-01-02 13:35:34.760] [warning] Couldn't find file 'femur_r.vtp'.
[2026-01-02 13:35:34.760] [warning] Couldn't find file 'r_patella.vtp'.
[2026-01-02 13:35:34.761] [warning] Couldn't find file 'tibia_r.vtp'.
[2026-01-02 13:35:34.761] [warning] Couldn't find file 'fibula_r.vtp'.
[2026-01-02 13:35:34.761] [warning] Couldn't find file 'talus_rv.vtp'.
[2026-01-02 13:35:34.761] [warning] Couldn't find file 'foot.vtp'.
[2026-01-02 13:35:34.761] [warning] Couldn't find file 'bofoot.vtp'.
[2026-01-02 13:35:34.761] [warning] Couldn't find file 'femur_l.vtp'.
[2026-01-02 13:35:34.761] [warning] Couldn't find file 'l_patella.vtp'.
[2026-01-02 13:35:34.761] [warning] Couldn't find file 'tibia_l.vtp'.
[2026-01-02 13:35:34.761] [warning] Couldn't find file 'fibula_l.vtp'.
[2026-01-02 13:35:34.761] [warning] Couldn't find file 'talus_lv.vtp'.
[2026-01-02 13:35:34.761] [warning] Couldn't find file 'l_foot.vtp'.
[2026-01-02 13:35:34.761] [warning] Couldn't find file 'l_bofoot.vtp'.
[2026-01-02 13:35:34.762] [warning] Couldn't find file 'lumbar5.vtp'.
[2026-01-02 13:35:34.762] [warning] Couldn't find file 'lumbar4.vtp'.
[2026-01-02 13:35:34.762] [warning] Couldn't find file 'lumbar3.vtp'.
[2026-01-02 13:35:34.762] [warning] Couldn't find file 'lumbar2.vtp'.
[2026-01-02 13:35:34.762] [warning] Couldn't find file 'lumbar1.vtp'.
[2026-01-02 13:35:34.762] [warning] Couldn't find file 'cerv1sm.vtp'.
[2026-01-02 13:35:34.762] [warning] Couldn't find file 'cerv2sm.vtp'.
[2026-01-02 13:35:34.762] [warning] Couldn't find file 'cerv3sm.vtp'.
[2026-01-02 13:35:34.762] [warning] Couldn't find file 'cerv4sm.vtp'.
[2026-01-02 13:35:34.762] [warning] Couldn't find file 'cerv5sm.vtp'.
[2026-01-02 13:35:34.762] [warning] Couldn't find file 'cerv6sm.vtp'.
[2026-01-02 13:35:34.762] [warning] Couldn't find file 'cerv7.vtp'.
[2026-01-02 13:35:34.762] [warning] Couldn't find file 'thoracic12_s.vtp'.
[2026-01-02 13:35:34.763] [warning] Couldn't find file 'thoracic11_s.vtp'.
[2026-01-02 13:35:34.763] [warning] Couldn't find file 'thoracic10_s.vtp'.
[2026-01-02 13:35:34.763] [warning] Couldn't find file 'thoracic9_s.vtp'.
[2026-01-02 13:35:34.763] [warning] Couldn't find file 'thoracic8_s.vtp'.
[2026-01-02 13:35:34.763] [warning] Couldn't find file 'thoracic7_s.vtp'.
[2026-01-02 13:35:34.763] [warning] Couldn't find file 'thoracic6_s.vtp'.
[2026-01-02 13:35:34.763] [warning] Couldn't find file 'thoracic5_s.vtp'.
[2026-01-02 13:35:34.763] [warning] Couldn't find file 'thoracic4_s.vtp'.
[2026-01-02 13:35:34.763] [warning] Couldn't find file 'thoracic3_s.vtp'.
[2026-01-02 13:35:34.763] [warning] Couldn't find file 'thoracic2_s.vtp'.
[2026-01-02 13:35:34.763] [warning] Couldn't find file 'thoracic1_s.vtp'.
[2026-01-02 13:35:34.763] [warning] Couldn't find file 'hat_ribs_scap.vtp'.
[2026-01-02 13:35:34.764] [warning] Couldn't find file 'jaw.vtp'.
[2026-01-02 13:35:34.764] [warning] Couldn't find file 'skull.vtp'.
[2026-01-02 13:35:34.764] [warning] Couldn't find file 'humerus_rv.vtp'.
[2026-01-02 13:35:34.764] [warning] Couldn't find file 'ulna_rv.vtp'.
[2026-01-02 13:35:34.764] [warning] Couldn't find file 'radius_rv.vtp'.
[2026-01-02 13:35:34.764] [warning] Couldn't find file 'pisiform_rvs.vtp'.
[2026-01-02 13:35:34.764] [warning] Couldn't find file 'lunate_rvs.vtp'.
[2026-01-02 13:35:34.764] [warning] Couldn't find file 'scaphoid_rvs.vtp'.
[2026-01-02 13:35:34.764] [warning] Couldn't find file 'triquetrum_rvs.vtp'.
[2026-01-02 13:35:34.764] [warning] Couldn't find file 'hamate_rvs.vtp'.
[2026-01-02 13:35:34.764] [warning] Couldn't find file 'capitate_rvs.vtp'.
[2026-01-02 13:35:34.764] [warning] Couldn't find file 'trapezoid_rvs.vtp'.
[2026-01-02 13:35:34.764] [warning] Couldn't find file 'trapezium_rvs.vtp'.
[2026-01-02 13:35:34.765] [warning] Couldn't find file 'metacarpal2_rvs.vtp'.
[2026-01-02 13:35:34.765] [warning] Couldn't find file 'index_proximal_rvs.vtp'.
[2026-01-02 13:35:34.765] [warning] Couldn't find file 'index_medial_rvs.vtp'.
[2026-01-02 13:35:34.765] [warning] Couldn't find file 'index_distal_rvs.vtp'.
[2026-01-02 13:35:34.765] [warning] Couldn't find file 'metacarpal3_rvs.vtp'.
[2026-01-02 13:35:34.765] [warning] Couldn't find file 'middle_proximal_rvs.vtp'.
[2026-01-02 13:35:34.765] [warning] Couldn't find file 'middle_medial_rvs.vtp'.
[2026-01-02 13:35:34.765] [warning] Couldn't find file 'middle_distal_rvs.vtp'.
[2026-01-02 13:35:34.765] [warning] Couldn't find file 'metacarpal4_rvs.vtp'.
[2026-01-02 13:35:34.765] [warning] Couldn't find file 'ring_proximal_rvs.vtp'.
[2026-01-02 13:35:34.765] [warning] Couldn't find file 'ring_medial_rvs.vtp'.
[2026-01-02 13:35:34.765] [warning] Couldn't find file 'ring_distal_rvs.vtp'.
[2026-01-02 13:35:34.765] [warning] Couldn't find file 'metacarpal5_rvs.vtp'.
[2026-01-02 13:35:34.765] [warning] Couldn't find file 'little_proximal_rvs.vtp'.
[2026-01-02 13:35:34.765] [warning] Couldn't find file 'little_medial_rvs.vtp'.
[2026-01-02 13:35:34.766] [warning] Couldn't find file 'little_distal_rvs.vtp'.
[2026-01-02 13:35:34.766] [warning] Couldn't find file 'metacarpal1_rvs.vtp'.
[2026-01-02 13:35:34.766] [warning] Couldn't find file 'thumb_proximal_rvs.vtp'.
[2026-01-02 13:35:34.766] [warning] Couldn't find file 'thumb_distal_rvs.vtp'.
[2026-01-02 13:35:34.766] [warning] Couldn't find file 'humerus_lv.vtp'.
[2026-01-02 13:35:34.766] [warning] Couldn't find file 'ulna_lv.vtp'.
[2026-01-02 13:35:34.766] [warning] Couldn't find file 'radius_lv.vtp'.
[2026-01-02 13:35:34.766] [warning] Couldn't find file 'pisiform_lvs.vtp'.
[2026-01-02 13:35:34.767] [warning] Couldn't find file 'lunate_lvs.vtp'.
[2026-01-02 13:35:34.767] [warning] Couldn't find file 'scaphoid_lvs.vtp'.
[2026-01-02 13:35:34.767] [warning] Couldn't find file 'triquetrum_lvs.vtp'.
[2026-01-02 13:35:34.767] [warning] Couldn't find file 'hamate_lvs.vtp'.
[2026-01-02 13:35:34.767] [warning] Couldn't find file 'capitate_lvs.vtp'.
[2026-01-02 13:35:34.767] [warning] Couldn't find file 'trapezoid_lvs.vtp'.
[2026-01-02 13:35:34.767] [warning] Couldn't find file 'trapezium_lvs.vtp'.
[2026-01-02 13:35:34.767] [warning] Couldn't find file 'metacarpal2_lvs.vtp'.
[2026-01-02 13:35:34.767] [warning] Couldn't find file 'index_proximal_lvs.vtp'.
[2026-01-02 13:35:34.767] [warning] Couldn't find file 'index_medial_lvs.vtp'.
[2026-01-02 13:35:34.767] [warning] Couldn't find file 'index_distal_lvs.vtp'.
[2026-01-02 13:35:34.767] [warning] Couldn't find file 'metacarpal3_lvs.vtp'.
[2026-01-02 13:35:34.767] [warning] Couldn't find file 'middle_proximal_lvs.vtp'.
[2026-01-02 13:35:34.767] [warning] Couldn't find file 'middle_medial_lvs.vtp'.
[2026-01-02 13:35:34.767] [warning] Couldn't find file 'middle_distal_lvs.vtp'.
[2026-01-02 13:35:34.768] [warning] Couldn't find file 'metacarpal4_lvs.vtp'.
[2026-01-02 13:35:34.768] [warning] Couldn't find file 'ring_proximal_lvs.vtp'.
[2026-01-02 13:35:34.768] [warning] Couldn't find file 'ring_medial_lvs.vtp'.
[2026-01-02 13:35:34.768] [warning] Couldn't find file 'ring_distal_lvs.vtp'.
[2026-01-02 13:35:34.768] [warning] Couldn't find file 'metacarpal5_lvs.vtp'.
[2026-01-02 13:35:34.768] [warning] Couldn't find file 'little_proximal_lvs.vtp'.
[2026-01-02 13:35:34.768] [warning] Couldn't find file 'little_medial_lvs.vtp'.
[2026-01-02 13:35:34.768] [warning] Couldn't find file 'little_distal_lvs.vtp'.
[2026-01-02 13:35:34.768] [warning] Couldn't find file 'metacarpal1_lvs.vtp'.
[2026-01-02 13:35:34.768] [warning] Couldn't find file 'thumb_proximal_lvs.vtp'.
[2026-01-02 13:35:34.768] [warning] Couldn't find file 'thumb_distal_lvs.vtp'.
[2026-01-02 13:35:34.777] [cout] [info] 
               MODEL: Pose2Sim_scaled
         coordinates: 62
              forces: 330
           actuators: 318
             muscles: 318
            analyses: 0
              probes: 0
              bodies: 30
              joints: 30
         constraints: 20
             markers: 22
         controllers: 0
  contact geometries: 13
misc modelcomponents: 0
[2026-01-02 13:35:34.777] [info] Running tool .
[2026-01-02 13:35:34.985] [info] Frame 0 (t = 0.0):	 total squared error = 0.0235822, marker error: RMS = 0.0327402, max = 0.109149 (Head)
[2026-01-02 13:35:35.001] [info] Frame 1 (t = 0.016667):	 total squared error = 0.0234648, marker error: RMS = 0.0326585, max = 0.109009 (Head)
[2026-01-02 13:35:35.060] [info] Frame 2 (t = 0.033333):	 total squared error = 0.0233101, marker error: RMS = 0.0325507, max = 0.108508 (Head)
[2026-01-02 13:35:35.088] [info] Frame 3 (t = 0.05):	 total squared error = 0.0232578, marker error: RMS = 0.0325142, max = 0.108529 (Head)
[2026-01-02 13:35:35.100] [info] Frame 4 (t = 0.066667):	 total squared error = 0.0233246, marker error: RMS = 0.0325609, max = 0.108873 (Head)
[2026-01-02 13:35:35.132] [info] Frame 5 (t = 0.083333):	 total squared error = 0.0233301, marker error: RMS = 0.0325647, max = 0.108654 (Head)
[2026-01-02 13:35:35.145] [info] Frame 6 (t = 0.1):	 total squared error = 0.0233829, marker error: RMS = 0.0326015, max = 0.108853 (Head)
[2026-01-02 13:35:35.170] [info] Frame 7 (t = 0.116667):	 total squared error = 0.0233484, marker error: RMS = 0.0325775, max = 0.108475 (Head)
[2026-01-02 13:35:35.192] [info] Frame 8 (t = 0.133333):	 total squared error = 0.0232776, marker error: RMS = 0.032528, max = 0.108070 (Head)
[2026-01-02 13:35:35.204] [info] Frame 9 (t = 0.15):	 total squared error = 0.0231501, marker error: RMS = 0.0324388, max = 0.107441 (Head)
[2026-01-02 13:35:35.238] [info] Frame 10 (t = 0.166667):	 total squared error = 0.0229437, marker error: RMS = 0.0322939, max = 0.107030 (Head)
[2026-01-02 13:35:35.258] [info] Frame 11 (t = 0.183333):	 total squared error = 0.0227105, marker error: RMS = 0.0321294, max = 0.106429 (Head)
[2026-01-02 13:35:35.278] [info] Frame 12 (t = 0.2):	 total squared error = 0.0224405, marker error: RMS = 0.0319378, max = 0.105938 (Head)
[2026-01-02 13:35:35.304] [info] Frame 13 (t = 0.216667):	 total squared error = 0.0222078, marker error: RMS = 0.0317718, max = 0.105628 (Head)
[2026-01-02 13:35:35.317] [info] Frame 14 (t = 0.233333):	 total squared error = 0.021996, marker error: RMS = 0.0316199, max = 0.105534 (Head)
[2026-01-02 13:35:35.340] [info] Frame 15 (t = 0.25):	 total squared error = 0.0218148, marker error: RMS = 0.0314894, max = 0.105196 (Head)
[2026-01-02 13:35:35.367] [info] Frame 16 (t = 0.266667):	 total squared error = 0.0216783, marker error: RMS = 0.0313907, max = 0.104902 (Head)
[2026-01-02 13:35:35.402] [info] Frame 17 (t = 0.283333):	 total squared error = 0.0215696, marker error: RMS = 0.0313119, max = 0.104594 (Head)
[2026-01-02 13:35:35.413] [info] Frame 18 (t = 0.3):	 total squared error = 0.0215071, marker error: RMS = 0.0312665, max = 0.104478 (Head)
[2026-01-02 13:35:35.428] [info] Frame 19 (t = 0.316667):	 total squared error = 0.0214896, marker error: RMS = 0.0312538, max = 0.104196 (Head)
[2026-01-02 13:35:35.448] [info] Frame 20 (t = 0.333333):	 total squared error = 0.0215431, marker error: RMS = 0.0312927, max = 0.104065 (Head)
[2026-01-02 13:35:35.482] [info] Frame 21 (t = 0.35):	 total squared error = 0.0215792, marker error: RMS = 0.0313189, max = 0.104608 (Head)
[2026-01-02 13:35:35.533] [info] Frame 22 (t = 0.366667):	 total squared error = 0.0216184, marker error: RMS = 0.0313473, max = 0.103959 (Head)
[2026-01-02 13:35:35.561] [info] Frame 23 (t = 0.383333):	 total squared error = 0.0216704, marker error: RMS = 0.031385, max = 0.103729 (Head)
[2026-01-02 13:35:35.592] [info] Frame 24 (t = 0.4):	 total squared error = 0.0217466, marker error: RMS = 0.0314401, max = 0.104285 (Head)
[2026-01-02 13:35:35.625] [info] Frame 25 (t = 0.416667):	 total squared error = 0.0217841, marker error: RMS = 0.0314672, max = 0.104323 (Head)
[2026-01-02 13:35:35.648] [info] Frame 26 (t = 0.433333):	 total squared error = 0.021777, marker error: RMS = 0.0314621, max = 0.103701 (Head)
[2026-01-02 13:35:35.675] [info] Frame 27 (t = 0.45):	 total squared error = 0.0217235, marker error: RMS = 0.0314235, max = 0.103654 (Head)
[2026-01-02 13:35:35.695] [info] Frame 28 (t = 0.466667):	 total squared error = 0.021721, marker error: RMS = 0.0314216, max = 0.102507 (Head)
[2026-01-02 13:35:35.731] [info] Frame 29 (t = 0.483333):	 total squared error = 0.0216115, marker error: RMS = 0.0313423, max = 0.103532 (Head)
[2026-01-02 13:35:35.756] [info] Frame 30 (t = 0.5):	 total squared error = 0.0215816, marker error: RMS = 0.0313206, max = 0.103110 (Head)
[2026-01-02 13:35:35.790] [info] Frame 31 (t = 0.516667):	 total squared error = 0.0215778, marker error: RMS = 0.0313179, max = 0.103161 (Head)
[2026-01-02 13:35:35.816] [info] Frame 32 (t = 0.533333):	 total squared error = 0.0216105, marker error: RMS = 0.0313416, max = 0.102911 (Head)
[2026-01-02 13:35:35.839] [info] Frame 33 (t = 0.55):	 total squared error = 0.0216266, marker error: RMS = 0.0313533, max = 0.102389 (Head)
[2026-01-02 13:35:35.877] [info] Frame 34 (t = 0.566667):	 total squared error = 0.021673, marker error: RMS = 0.0313869, max = 0.103529 (Head)
[2026-01-02 13:35:35.911] [info] Frame 35 (t = 0.583333):	 total squared error = 0.0217311, marker error: RMS = 0.0314289, max = 0.103841 (Head)
[2026-01-02 13:35:35.934] [info] Frame 36 (t = 0.6):	 total squared error = 0.0218032, marker error: RMS = 0.031481, max = 0.103727 (Head)
[2026-01-02 13:35:35.956] [info] Frame 37 (t = 0.616667):	 total squared error = 0.0218458, marker error: RMS = 0.0315118, max = 0.104215 (Head)
[2026-01-02 13:35:35.990] [info] Frame 38 (t = 0.633333):	 total squared error = 0.0218779, marker error: RMS = 0.0315349, max = 0.105037 (Head)
[2026-01-02 13:35:36.019] [info] Frame 39 (t = 0.65):	 total squared error = 0.0218565, marker error: RMS = 0.0315195, max = 0.105155 (Head)
[2026-01-02 13:35:36.049] [info] Frame 40 (t = 0.666667):	 total squared error = 0.0218456, marker error: RMS = 0.0315116, max = 0.105737 (Head)
[2026-01-02 13:35:36.100] [info] Frame 41 (t = 0.683333):	 total squared error = 0.0218068, marker error: RMS = 0.0314836, max = 0.105443 (Head)
[2026-01-02 13:35:36.143] [info] Frame 42 (t = 0.7):	 total squared error = 0.0216897, marker error: RMS = 0.0313989, max = 0.106066 (Head)
[2026-01-02 13:35:36.169] [info] Frame 43 (t = 0.716667):	 total squared error = 0.0214264, marker error: RMS = 0.0312078, max = 0.106147 (Head)
[2026-01-02 13:35:36.205] [info] Frame 44 (t = 0.733333):	 total squared error = 0.0208994, marker error: RMS = 0.0308217, max = 0.105766 (Head)
[2026-01-02 13:35:36.234] [info] Frame 45 (t = 0.75):	 total squared error = 0.0199733, marker error: RMS = 0.0301310, max = 0.104529 (Head)
[2026-01-02 13:35:36.273] [info] Frame 46 (t = 0.766667):	 total squared error = 0.0185164, marker error: RMS = 0.0290113, max = 0.101723 (Head)
[2026-01-02 13:35:36.309] [info] Frame 47 (t = 0.783333):	 total squared error = 0.0165808, marker error: RMS = 0.0274531, max = 0.0974442 (Head)
[2026-01-02 13:35:36.349] [info] Frame 48 (t = 0.8):	 total squared error = 0.0143155, marker error: RMS = 0.0255089, max = 0.0909098 (Head)
[2026-01-02 13:35:36.391] [info] Frame 49 (t = 0.816667):	 total squared error = 0.0120725, marker error: RMS = 0.0234254, max = 0.0823916 (Head)
[2026-01-02 13:35:36.455] [info] Frame 50 (t = 0.833333):	 total squared error = 0.0102508, marker error: RMS = 0.0215858, max = 0.071929 (Head)
[2026-01-02 13:35:36.493] [info] Frame 51 (t = 0.85):	 total squared error = 0.00937227, marker error: RMS = 0.0206401, max = 0.0603168 (Head)
[2026-01-02 13:35:36.539] [info] Frame 52 (t = 0.866667):	 total squared error = 0.00983769, marker error: RMS = 0.0211463, max = 0.0481992 (Head)
[2026-01-02 13:35:36.593] [info] Frame 53 (t = 0.883333):	 total squared error = 0.0119207, marker error: RMS = 0.0232776, max = 0.0471693 (Neck)
[2026-01-02 13:35:36.660] [info] Frame 54 (t = 0.9):	 total squared error = 0.0156080, marker error: RMS = 0.0266356, max = 0.066193 (Neck)
[2026-01-02 13:35:36.704] [info] Frame 55 (t = 0.916667):	 total squared error = 0.0206388, marker error: RMS = 0.0306288, max = 0.0857653 (Neck)
[2026-01-02 13:35:36.860] [info] Frame 56 (t = 0.933333):	 total squared error = 0.0264278, marker error: RMS = 0.0346592, max = 0.104903 (Neck)
[2026-01-02 13:35:36.908] [info] Frame 57 (t = 0.95):	 total squared error = 0.0327787, marker error: RMS = 0.0385997, max = 0.122232 (Neck)
[2026-01-02 13:35:36.965] [info] Frame 58 (t = 0.966667):	 total squared error = 0.0400941, marker error: RMS = 0.0426903, max = 0.136739 (Neck)
[2026-01-02 13:35:37.025] [info] Frame 59 (t = 0.983333):	 total squared error = 0.0502263, marker error: RMS = 0.0477809, max = 0.149095 (Neck)
[2026-01-02 13:35:37.110] [info] Frame 60 (t = 1.0):	 total squared error = 0.0658959, marker error: RMS = 0.0547291, max = 0.160672 (Neck)
[2026-01-02 13:35:37.154] [info] Frame 61 (t = 1.01667):	 total squared error = 0.0887074, marker error: RMS = 0.0634993, max = 0.173119 (Neck)
[2026-01-02 13:35:37.183] [info] Frame 62 (t = 1.03333):	 total squared error = 0.117346, marker error: RMS = 0.0730338, max = 0.187174 (Neck)
[2026-01-02 13:35:37.209] [info] Frame 63 (t = 1.05):	 total squared error = 0.149505, marker error: RMS = 0.0824359, max = 0.219801 (Head)
[2026-01-02 13:35:37.248] [info] Frame 64 (t = 1.06667):	 total squared error = 0.183768, marker error: RMS = 0.0913954, max = 0.262382 (Head)
[2026-01-02 13:35:37.311] [info] Frame 65 (t = 1.08333):	 total squared error = 0.217282, marker error: RMS = 0.0993804, max = 0.302958 (Head)
[2026-01-02 13:35:37.349] [info] Frame 66 (t = 1.1):	 total squared error = 0.244545, marker error: RMS = 0.105431, max = 0.333509 (Head)
[2026-01-02 13:35:37.378] [info] Frame 67 (t = 1.11667):	 total squared error = 0.259986, marker error: RMS = 0.108709, max = 0.350033 (Head)
[2026-01-02 13:35:37.403] [info] Frame 68 (t = 1.13333):	 total squared error = 0.261428, marker error: RMS = 0.109010, max = 0.351393 (Head)
[2026-01-02 13:35:37.443] [info] Frame 69 (t = 1.15):	 total squared error = 0.249457, marker error: RMS = 0.106485, max = 0.340044 (Head)
[2026-01-02 13:35:37.485] [info] Frame 70 (t = 1.16667):	 total squared error = 0.226001, marker error: RMS = 0.101355, max = 0.318786 (Head)
[2026-01-02 13:35:37.525] [info] Frame 71 (t = 1.18333):	 total squared error = 0.194552, marker error: RMS = 0.0940387, max = 0.290080 (Head)
[2026-01-02 13:35:37.574] [info] Frame 72 (t = 1.2):	 total squared error = 0.15966, marker error: RMS = 0.0851895, max = 0.256195 (Head)
[2026-01-02 13:35:37.637] [info] Frame 73 (t = 1.21667):	 total squared error = 0.126098, marker error: RMS = 0.0757080, max = 0.219561 (Head)
[2026-01-02 13:35:37.677] [info] Frame 74 (t = 1.23333):	 total squared error = 0.0974123, marker error: RMS = 0.0665419, max = 0.183595 (Head)
[2026-01-02 13:35:37.715] [info] Frame 75 (t = 1.25):	 total squared error = 0.0753464, marker error: RMS = 0.0585221, max = 0.152789 (Head)
[2026-01-02 13:35:37.759] [info] Frame 76 (t = 1.26667):	 total squared error = 0.0596016, marker error: RMS = 0.0520496, max = 0.131477 (Head)
[2026-01-02 13:35:37.800] [info] Frame 77 (t = 1.28333):	 total squared error = 0.0486744, marker error: RMS = 0.0470369, max = 0.120837 (Head)
[2026-01-02 13:35:37.827] [info] Frame 78 (t = 1.3):	 total squared error = 0.0412322, marker error: RMS = 0.0432919, max = 0.117982 (Head)
[2026-01-02 13:35:37.876] [info] Frame 79 (t = 1.31667):	 total squared error = 0.0363663, marker error: RMS = 0.0406573, max = 0.121076 (Head)
[2026-01-02 13:35:37.919] [info] Frame 80 (t = 1.33333):	 total squared error = 0.0341907, marker error: RMS = 0.0394223, max = 0.124335 (Head)
[2026-01-02 13:35:37.959] [info] Frame 81 (t = 1.35):	 total squared error = 0.0339529, marker error: RMS = 0.039285, max = 0.126118 (Head)
[2026-01-02 13:35:37.986] [info] Frame 82 (t = 1.36667):	 total squared error = 0.034358, marker error: RMS = 0.0395187, max = 0.124583 (Head)
[2026-01-02 13:35:38.054] [info] Frame 83 (t = 1.38333):	 total squared error = 0.0340189, marker error: RMS = 0.0393232, max = 0.121175 (Head)
[2026-01-02 13:35:38.095] [info] Frame 84 (t = 1.4):	 total squared error = 0.0326152, marker error: RMS = 0.0385034, max = 0.115654 (Head)
[2026-01-02 13:35:38.178] [info] Frame 85 (t = 1.41667):	 total squared error = 0.0306513, marker error: RMS = 0.0373262, max = 0.11114 (Head)
[2026-01-02 13:35:38.251] [info] Frame 86 (t = 1.43333):	 total squared error = 0.0290124, marker error: RMS = 0.0363145, max = 0.108858 (Head)
[2026-01-02 13:35:38.291] [info] Frame 87 (t = 1.45):	 total squared error = 0.0282839, marker error: RMS = 0.0358557, max = 0.108011 (Head)
[2026-01-02 13:35:38.320] [info] Frame 88 (t = 1.46667):	 total squared error = 0.0282713, marker error: RMS = 0.0358477, max = 0.107904 (Head)
[2026-01-02 13:35:38.392] [info] Frame 89 (t = 1.48333):	 total squared error = 0.0281067, marker error: RMS = 0.0357432, max = 0.108382 (Head)
[2026-01-02 13:35:38.452] [info] Frame 90 (t = 1.5):	 total squared error = 0.0276898, marker error: RMS = 0.0354771, max = 0.104713 (Head)
[2026-01-02 13:35:38.510] [info] Frame 91 (t = 1.51667):	 total squared error = 0.0272712, marker error: RMS = 0.0352079, max = 0.100209 (Head)
[2026-01-02 13:35:38.553] [info] Frame 92 (t = 1.53333):	 total squared error = 0.0273502, marker error: RMS = 0.0352589, max = 0.0950895 (Head)
[2026-01-02 13:35:38.617] [info] Frame 93 (t = 1.55):	 total squared error = 0.0279016, marker error: RMS = 0.0356125, max = 0.0928152 (Nose)
[2026-01-02 13:35:38.685] [info] Frame 94 (t = 1.56667):	 total squared error = 0.0284151, marker error: RMS = 0.0359388, max = 0.0939604 (Nose)
[2026-01-02 13:35:38.760] [info] Frame 95 (t = 1.58333):	 total squared error = 0.028397, marker error: RMS = 0.0359273, max = 0.0955199 (Nose)
[2026-01-02 13:35:38.806] [info] Frame 96 (t = 1.6):	 total squared error = 0.0279382, marker error: RMS = 0.0356359, max = 0.0972298 (Nose)
[2026-01-02 13:35:38.833] [info] Frame 97 (t = 1.61667):	 total squared error = 0.0272443, marker error: RMS = 0.0351906, max = 0.0951391 (Nose)
[2026-01-02 13:35:38.863] [info] Frame 98 (t = 1.63333):	 total squared error = 0.0268786, marker error: RMS = 0.0349536, max = 0.0960094 (Nose)
[2026-01-02 13:35:38.910] [info] Frame 99 (t = 1.65):	 total squared error = 0.0271445, marker error: RMS = 0.0351261, max = 0.104091 (Nose)
[2026-01-02 13:35:38.931] [info] Frame 100 (t = 1.66667):	 total squared error = 0.028152, marker error: RMS = 0.035772, max = 0.101358 (Nose)
[2026-01-02 13:35:38.969] [info] Frame 101 (t = 1.68333):	 total squared error = 0.0291289, marker error: RMS = 0.0363874, max = 0.108323 (Nose)
[2026-01-02 13:35:38.996] [info] Frame 102 (t = 1.7):	 total squared error = 0.0299803, marker error: RMS = 0.0369153, max = 0.107608 (Nose)
[2026-01-02 13:35:39.024] [info] Frame 103 (t = 1.71667):	 total squared error = 0.0301409, marker error: RMS = 0.0370141, max = 0.107682 (Nose)
[2026-01-02 13:35:39.064] [info] Frame 104 (t = 1.73333):	 total squared error = 0.0295118, marker error: RMS = 0.0366257, max = 0.107840 (Nose)
[2026-01-02 13:35:39.104] [info] Frame 105 (t = 1.75):	 total squared error = 0.0286203, marker error: RMS = 0.0360683, max = 0.104608 (Nose)
[2026-01-02 13:35:39.152] [info] Frame 106 (t = 1.76667):	 total squared error = 0.0278087, marker error: RMS = 0.0355532, max = 0.100213 (Nose)
[2026-01-02 13:35:39.196] [info] Frame 107 (t = 1.78333):	 total squared error = 0.0275369, marker error: RMS = 0.0353791, max = 0.0958616 (Nose)
[2026-01-02 13:35:39.236] [info] Frame 108 (t = 1.8):	 total squared error = 0.0280590, marker error: RMS = 0.0357129, max = 0.0942699 (Nose)
[2026-01-02 13:35:39.275] [info] Frame 109 (t = 1.81667):	 total squared error = 0.0292833, marker error: RMS = 0.0364837, max = 0.0929942 (Nose)
[2026-01-02 13:35:39.318] [info] Frame 110 (t = 1.83333):	 total squared error = 0.0308565, marker error: RMS = 0.0374509, max = 0.0916538 (Nose)
[2026-01-02 13:35:39.367] [info] Frame 111 (t = 1.85):	 total squared error = 0.0323884, marker error: RMS = 0.0383692, max = 0.0910650 (Nose)
[2026-01-02 13:35:39.412] [info] Frame 112 (t = 1.86667):	 total squared error = 0.0334071, marker error: RMS = 0.038968, max = 0.0908602 (Nose)
[2026-01-02 13:35:39.445] [info] Frame 113 (t = 1.88333):	 total squared error = 0.0334878, marker error: RMS = 0.0390150, max = 0.0907132 (Head)
[2026-01-02 13:35:39.492] [info] Frame 114 (t = 1.9):	 total squared error = 0.0318941, marker error: RMS = 0.0380754, max = 0.0959566 (Head)
[2026-01-02 13:35:39.550] [info] Frame 115 (t = 1.91667):	 total squared error = 0.0285696, marker error: RMS = 0.0360363, max = 0.0963999 (Head)
[2026-01-02 13:35:39.597] [info] Frame 116 (t = 1.93333):	 total squared error = 0.0237811, marker error: RMS = 0.0328779, max = 0.092962 (Head)
[2026-01-02 13:35:39.637] [info] Frame 117 (t = 1.95):	 total squared error = 0.0186495, marker error: RMS = 0.0291154, max = 0.0860309 (Head)
[2026-01-02 13:35:39.674] [info] Frame 118 (t = 1.96667):	 total squared error = 0.0144017, marker error: RMS = 0.0255856, max = 0.0764553 (Head)
[2026-01-02 13:35:39.719] [info] Frame 119 (t = 1.98333):	 total squared error = 0.0117881, marker error: RMS = 0.0231479, max = 0.0650297 (Head)
[2026-01-02 13:35:39.823] [info] Frame 120 (t = 2.0):	 total squared error = 0.0107756, marker error: RMS = 0.0221314, max = 0.0546561 (Head)
[2026-01-02 13:35:39.866] [info] Frame 121 (t = 2.01667):	 total squared error = 0.0111858, marker error: RMS = 0.0225487, max = 0.0436836 (Head)
[2026-01-02 13:35:39.929] [info] Frame 122 (t = 2.03333):	 total squared error = 0.0130670, marker error: RMS = 0.0243712, max = 0.0449485 (RShoulder)
[2026-01-02 13:35:39.969] [info] Frame 123 (t = 2.05):	 total squared error = 0.0163914, marker error: RMS = 0.0272958, max = 0.0561994 (Neck)
[2026-01-02 13:35:40.041] [info] Frame 124 (t = 2.06667):	 total squared error = 0.0206856, marker error: RMS = 0.0306636, max = 0.0678959 (Neck)
[2026-01-02 13:35:40.097] [info] Frame 125 (t = 2.08333):	 total squared error = 0.0254782, marker error: RMS = 0.0340309, max = 0.0793299 (Neck)
[2026-01-02 13:35:40.164] [info] Frame 126 (t = 2.1):	 total squared error = 0.0302207, marker error: RMS = 0.0370630, max = 0.0886586 (Neck)
[2026-01-02 13:35:40.206] [info] Frame 127 (t = 2.11667):	 total squared error = 0.0341737, marker error: RMS = 0.0394125, max = 0.0950190 (Neck)
[2026-01-02 13:35:40.237] [info] Frame 128 (t = 2.13333):	 total squared error = 0.0370137, marker error: RMS = 0.0410176, max = 0.09921 (Neck)
[2026-01-02 13:35:40.298] [info] Frame 129 (t = 2.15):	 total squared error = 0.0398912, marker error: RMS = 0.0425821, max = 0.103531 (Neck)
[2026-01-02 13:35:40.394] [info] Frame 130 (t = 2.16667):	 total squared error = 0.0455359, marker error: RMS = 0.0454952, max = 0.111194 (Neck)
[2026-01-02 13:35:40.428] [info] Frame 131 (t = 2.18333):	 total squared error = 0.0572625, marker error: RMS = 0.0510181, max = 0.124395 (Neck)
[2026-01-02 13:35:40.455] [info] Frame 132 (t = 2.2):	 total squared error = 0.0776109, marker error: RMS = 0.059395, max = 0.142983 (Neck)
[2026-01-02 13:35:40.489] [info] Frame 133 (t = 2.21667):	 total squared error = 0.107425, marker error: RMS = 0.0698782, max = 0.187058 (Head)
[2026-01-02 13:35:40.537] [info] Frame 134 (t = 2.23333):	 total squared error = 0.143141, marker error: RMS = 0.0806623, max = 0.228719 (Head)
[2026-01-02 13:35:40.602] [info] Frame 135 (t = 2.25):	 total squared error = 0.176857, marker error: RMS = 0.0896601, max = 0.259382 (Head)
[2026-01-02 13:35:40.650] [info] Frame 136 (t = 2.26667):	 total squared error = 0.200242, marker error: RMS = 0.0954039, max = 0.274329 (Head)
[2026-01-02 13:35:40.697] [info] Frame 137 (t = 2.28333):	 total squared error = 0.207105, marker error: RMS = 0.0970250, max = 0.274615 (Head)
[2026-01-02 13:35:40.740] [info] Frame 138 (t = 2.3):	 total squared error = 0.195903, marker error: RMS = 0.0943646, max = 0.261846 (Head)
[2026-01-02 13:35:40.780] [info] Frame 139 (t = 2.31667):	 total squared error = 0.171533, marker error: RMS = 0.0883003, max = 0.238699 (Head)
[2026-01-02 13:35:40.830] [info] Frame 140 (t = 2.33333):	 total squared error = 0.142905, marker error: RMS = 0.0805958, max = 0.211146 (Head)
[2026-01-02 13:35:40.871] [info] Frame 141 (t = 2.35):	 total squared error = 0.117162, marker error: RMS = 0.0729764, max = 0.18534 (Head)
[2026-01-02 13:35:40.916] [info] Frame 142 (t = 2.36667):	 total squared error = 0.096788, marker error: RMS = 0.0663284, max = 0.164722 (Head)
[2026-01-02 13:35:40.950] [info] Frame 143 (t = 2.38333):	 total squared error = 0.0814332, marker error: RMS = 0.0608400, max = 0.147733 (Head)
[2026-01-02 13:35:40.977] [info] Frame 144 (t = 2.4):	 total squared error = 0.0699767, marker error: RMS = 0.0563982, max = 0.135348 (Head)
[2026-01-02 13:35:41.007] [info] Frame 145 (t = 2.41667):	 total squared error = 0.0609039, marker error: RMS = 0.0526152, max = 0.127163 (Head)
[2026-01-02 13:35:41.057] [info] Frame 146 (t = 2.43333):	 total squared error = 0.0532611, marker error: RMS = 0.0492033, max = 0.121925 (Head)
[2026-01-02 13:35:41.105] [info] Frame 147 (t = 2.45):	 total squared error = 0.0467665, marker error: RMS = 0.0461058, max = 0.116726 (Head)
[2026-01-02 13:35:41.206] [info] Frame 148 (t = 2.46667):	 total squared error = 0.0410089, marker error: RMS = 0.0431745, max = 0.113288 (Head)
[2026-01-02 13:35:41.246] [info] Frame 149 (t = 2.48333):	 total squared error = 0.036389, marker error: RMS = 0.0406700, max = 0.110456 (Head)
[2026-01-02 13:35:41.283] [info] Frame 150 (t = 2.5):	 total squared error = 0.0326967, marker error: RMS = 0.0385514, max = 0.108625 (Head)
[2026-01-02 13:35:41.316] [info] Frame 151 (t = 2.51667):	 total squared error = 0.0298489, marker error: RMS = 0.0368343, max = 0.107172 (Head)
[2026-01-02 13:35:41.350] [info] Frame 152 (t = 2.53333):	 total squared error = 0.0276007, marker error: RMS = 0.03542, max = 0.106108 (Head)
[2026-01-02 13:35:41.383] [info] Frame 153 (t = 2.55):	 total squared error = 0.0258185, marker error: RMS = 0.0342574, max = 0.105635 (Head)
[2026-01-02 13:35:41.470] [info] Frame 154 (t = 2.56667):	 total squared error = 0.0243374, marker error: RMS = 0.0332603, max = 0.105765 (Head)
[2026-01-02 13:35:41.508] [info] Frame 155 (t = 2.58333):	 total squared error = 0.0232009, marker error: RMS = 0.0324744, max = 0.105460 (Head)
[2026-01-02 13:35:41.539] [info] Frame 156 (t = 2.6):	 total squared error = 0.0223495, marker error: RMS = 0.031873, max = 0.105496 (Head)
[2026-01-02 13:35:41.590] [info] Frame 157 (t = 2.61667):	 total squared error = 0.0217764, marker error: RMS = 0.0314617, max = 0.104929 (Head)
[2026-01-02 13:35:41.620] [info] Frame 158 (t = 2.63333):	 total squared error = 0.0213573, marker error: RMS = 0.0311575, max = 0.104652 (Head)
[2026-01-02 13:35:41.667] [info] Frame 159 (t = 2.65):	 total squared error = 0.0209956, marker error: RMS = 0.0308925, max = 0.104012 (Head)
[2026-01-02 13:35:41.701] [info] Frame 160 (t = 2.66667):	 total squared error = 0.0207222, marker error: RMS = 0.0306907, max = 0.103562 (Head)
[2026-01-02 13:35:41.772] [info] Frame 161 (t = 2.68333):	 total squared error = 0.0205102, marker error: RMS = 0.0305333, max = 0.103455 (Head)
[2026-01-02 13:35:41.808] [info] Frame 162 (t = 2.7):	 total squared error = 0.0203790, marker error: RMS = 0.0304355, max = 0.103643 (Head)
[2026-01-02 13:35:41.845] [info] Frame 163 (t = 2.71667):	 total squared error = 0.0202449, marker error: RMS = 0.0303352, max = 0.103859 (Head)
[2026-01-02 13:35:41.882] [info] Frame 164 (t = 2.73333):	 total squared error = 0.0200387, marker error: RMS = 0.0301803, max = 0.103849 (Head)
[2026-01-02 13:35:41.930] [info] Frame 165 (t = 2.75):	 total squared error = 0.0197905, marker error: RMS = 0.0299928, max = 0.103915 (Head)
[2026-01-02 13:35:41.964] [info] Frame 166 (t = 2.76667):	 total squared error = 0.0195712, marker error: RMS = 0.0298262, max = 0.103437 (Head)
[2026-01-02 13:35:42.032] [info] Frame 167 (t = 2.78333):	 total squared error = 0.0193888, marker error: RMS = 0.0296868, max = 0.103440 (Head)
[2026-01-02 13:35:42.070] [info] Frame 168 (t = 2.8):	 total squared error = 0.0192924, marker error: RMS = 0.0296129, max = 0.103109 (Head)
[2026-01-02 13:35:42.110] [info] Frame 169 (t = 2.81667):	 total squared error = 0.0192368, marker error: RMS = 0.0295703, max = 0.103026 (Head)
[2026-01-02 13:35:42.142] [info] Frame 170 (t = 2.83333):	 total squared error = 0.0192634, marker error: RMS = 0.0295907, max = 0.102912 (Head)
[2026-01-02 13:35:42.165] [info] Frame 171 (t = 2.85):	 total squared error = 0.0193355, marker error: RMS = 0.029646, max = 0.103025 (Head)
[2026-01-02 13:35:42.206] [info] Frame 172 (t = 2.86667):	 total squared error = 0.0195132, marker error: RMS = 0.0297819, max = 0.103599 (Head)
[2026-01-02 13:35:42.236] [info] Frame 173 (t = 2.88333):	 total squared error = 0.0196866, marker error: RMS = 0.0299139, max = 0.103967 (Head)
[2026-01-02 13:35:42.272] [info] Frame 174 (t = 2.9):	 total squared error = 0.0198604, marker error: RMS = 0.0300457, max = 0.104215 (Head)
[2026-01-02 13:35:42.301] [info] Frame 175 (t = 2.91667):	 total squared error = 0.0199618, marker error: RMS = 0.0301223, max = 0.104331 (Head)
[2026-01-02 13:35:42.329] [info] Frame 176 (t = 2.93333):	 total squared error = 0.0199963, marker error: RMS = 0.0301483, max = 0.104316 (Head)
[2026-01-02 13:35:42.416] [info] Frame 177 (t = 2.95):	 total squared error = 0.0199853, marker error: RMS = 0.0301401, max = 0.104046 (Head)
[2026-01-02 13:35:42.421] [info] InverseKinematicsTool completed 178 frames in 7 second(s).
[2026-01-02 13:35:43.740] [info] Loaded model Pose2Sim_scaled from file C:\Users\BB1\Desktop\MStudio\tests\opensim_output\CMJ_zero.osim
[2026-01-02 13:35:43.741] [warning] Couldn't find file 'r_pelvis.vtp'.
[2026-01-02 13:35:43.743] [warning] Couldn't find file 'l_pelvis.vtp'.
[2026-01-02 13:35:43.744] [warning] Couldn't find file 'sacrum.vtp'.
[2026-01-02 13:35:43.744] [warning] Couldn't find file 'femur_r.vtp'.
[2026-01-02 13:35:43.744] [warning] Couldn't find file 'r_patella.vtp'.
[2026-01-02 13:35:43.744] [warning] Couldn't find file 'tibia_r.vtp'.
[2026-01-02 13:35:43.744] [warning] Couldn't find file 'fibula_r.vtp'.
[2026-01-02 13:35:43.744] [warning] Couldn't find file 'talus_rv.vtp'.
[2026-01-02 13:35:43.744] [warning] Couldn't find file 'foot.vtp'.
[2026-01-02 13:35:43.745] [warning] Couldn't find file 'bofoot.vtp'.
[2026-01-02 13:35:43.745] [warning] Couldn't find file 'femur_l.vtp'.
[2026-01-02 13:35:43.745] [warning] Couldn't find file 'l_patella.vtp'.
[2026-01-02 13:35:43.745] [warning] Couldn't find file 'tibia_l.vtp'.
[2026-01-02 13:35:43.745] [warning] Couldn't find file 'fibula_l.vtp'.
[2026-01-02 13:35:43.745] [warning] Couldn't find file 'talus_lv.vtp'.
[2026-01-02 13:35:43.745] [warning] Couldn't find file 'l_foot.vtp'.
[2026-01-02 13:35:43.746] [warning] Couldn't find file 'l_bofoot.vtp'.
[2026-01-02 13:35:43.746] [warning] Couldn't find file 'lumbar5.vtp'.
[2026-01-02 13:35:43.746] [warning] Couldn't find file 'lumbar4.vtp'.
[2026-01-02 13:35:43.746] [warning] Couldn't find file 'lumbar3.vtp'.
[2026-01-02 13:35:43.746] [warning] Couldn't find file 'lumbar2.vtp'.
[2026-01-02 13:35:43.746] [warning] Couldn't find file 'lumbar1.vtp'.
[2026-01-02 13:35:43.746] [warning] Couldn't find file 'cerv1sm.vtp'.
[2026-01-02 13:35:43.746] [warning] Couldn't find file 'cerv2sm.vtp'.
[2026-01-02 13:35:43.747] [warning] Couldn't find file 'cerv3sm.vtp'.
[2026-01-02 13:35:43.747] [warning] Couldn't find file 'cerv4sm.vtp'.
[2026-01-02 13:35:43.747] [warning] Couldn't find file 'cerv5sm.vtp'.
[2026-01-02 13:35:43.747] [warning] Couldn't find file 'cerv6sm.vtp'.
[2026-01-02 13:35:43.747] [warning] Couldn't find file 'cerv7.vtp'.
[2026-01-02 13:35:43.747] [warning] Couldn't find file 'thoracic12_s.vtp'.
[2026-01-02 13:35:43.747] [warning] Couldn't find file 'thoracic11_s.vtp'.
[2026-01-02 13:35:43.747] [warning] Couldn't find file 'thoracic10_s.vtp'.
[2026-01-02 13:35:43.747] [warning] Couldn't find file 'thoracic9_s.vtp'.
[2026-01-02 13:35:43.747] [warning] Couldn't find file 'thoracic8_s.vtp'.
[2026-01-02 13:35:43.747] [warning] Couldn't find file 'thoracic7_s.vtp'.
[2026-01-02 13:35:43.747] [warning] Couldn't find file 'thoracic6_s.vtp'.
[2026-01-02 13:35:43.747] [warning] Couldn't find file 'thoracic5_s.vtp'.
[2026-01-02 13:35:43.747] [warning] Couldn't find file 'thoracic4_s.vtp'.
[2026-01-02 13:35:43.748] [warning] Couldn't find file 'thoracic3_s.vtp'.
[2026-01-02 13:35:43.748] [warning] Couldn't find file 'thoracic2_s.vtp'.
[2026-01-02 13:35:43.748] [warning] Couldn't find file 'thoracic1_s.vtp'.
[2026-01-02 13:35:43.748] [warning] Couldn't find file 'hat_ribs_scap.vtp'.
[2026-01-02 13:35:43.748] [warning] Couldn't find file 'jaw.vtp'.
[2026-01-02 13:35:43.748] [warning] Couldn't find file 'skull.vtp'.
[2026-01-02 13:35:43.748] [warning] Couldn't find file 'humerus_rv.vtp'.
[2026-01-02 13:35:43.748] [warning] Couldn't find file 'ulna_rv.vtp'.
[2026-01-02 13:35:43.748] [warning] Couldn't find file 'radius_rv.vtp'.
[2026-01-02 13:35:43.748] [warning] Couldn't find file 'pisiform_rvs.vtp'.
[2026-01-02 13:35:43.748] [warning] Couldn't find file 'lunate_rvs.vtp'.
[2026-01-02 13:35:43.748] [warning] Couldn't find file 'scaphoid_rvs.vtp'.
[2026-01-02 13:35:43.748] [warning] Couldn't find file 'triquetrum_rvs.vtp'.
[2026-01-02 13:35:43.749] [warning] Couldn't find file 'hamate_rvs.vtp'.
[2026-01-02 13:35:43.749] [warning] Couldn't find file 'capitate_rvs.vtp'.
[2026-01-02 13:35:43.749] [warning] Couldn't find file 'trapezoid_rvs.vtp'.
[2026-01-02 13:35:43.749] [warning] Couldn't find file 'trapezium_rvs.vtp'.
[2026-01-02 13:35:43.749] [warning] Couldn't find file 'metacarpal2_rvs.vtp'.
[2026-01-02 13:35:43.749] [warning] Couldn't find file 'index_proximal_rvs.vtp'.
[2026-01-02 13:35:43.749] [warning] Couldn't find file 'index_medial_rvs.vtp'.
[2026-01-02 13:35:43.749] [warning] Couldn't find file 'index_distal_rvs.vtp'.
[2026-01-02 13:35:43.749] [warning] Couldn't find file 'metacarpal3_rvs.vtp'.
[2026-01-02 13:35:43.749] [warning] Couldn't find file 'middle_proximal_rvs.vtp'.
[2026-01-02 13:35:43.749] [warning] Couldn't find file 'middle_medial_rvs.vtp'.
[2026-01-02 13:35:43.749] [warning] Couldn't find file 'middle_distal_rvs.vtp'.
[2026-01-02 13:35:43.749] [warning] Couldn't find file 'metacarpal4_rvs.vtp'.
[2026-01-02 13:35:43.749] [warning] Couldn't find file 'ring_proximal_rvs.vtp'.
[2026-01-02 13:35:43.749] [warning] Couldn't find file 'ring_medial_rvs.vtp'.
[2026-01-02 13:35:43.750] [warning] Couldn't find file 'ring_distal_rvs.vtp'.
[2026-01-02 13:35:43.750] [warning] Couldn't find file 'metacarpal5_rvs.vtp'.
[2026-01-02 13:35:43.750] [warning] Couldn't find file 'little_proximal_rvs.vtp'.
[2026-01-02 13:35:43.750] [warning] Couldn't find file 'little_medial_rvs.vtp'.
[2026-01-02 13:35:43.750] [warning] Couldn't find file 'little_distal_rvs.vtp'.
[2026-01-02 13:35:43.750] [warning] Couldn't find file 'metacarpal1_rvs.vtp'.
[2026-01-02 13:35:43.750] [warning] Couldn't find file 'thumb_proximal_rvs.vtp'.
[2026-01-02 13:35:43.750] [warning] Couldn't find file 'thumb_distal_rvs.vtp'.
[2026-01-02 13:35:43.750] [warning] Couldn't find file 'humerus_lv.vtp'.
[2026-01-02 13:35:43.750] [warning] Couldn't find file 'ulna_lv.vtp'.
[2026-01-02 13:35:43.750] [warning] Couldn't find file 'radius_lv.vtp'.
[2026-01-02 13:35:43.750] [warning] Couldn't find file 'pisiform_lvs.vtp'.
[2026-01-02 13:35:43.750] [warning] Couldn't find file 'lunate_lvs.vtp'.
[2026-01-02 13:35:43.750] [warning] Couldn't find file 'scaphoid_lvs.vtp'.
[2026-01-02 13:35:43.751] [warning] Couldn't find file 'triquetrum_lvs.vtp'.
[2026-01-02 13:35:43.751] [warning] Couldn't find file 'hamate_lvs.vtp'.
[2026-01-02 13:35:43.751] [warning] Couldn't find file 'capitate_lvs.vtp'.
[2026-01-02 13:35:43.751] [warning] Couldn't find file 'trapezoid_lvs.vtp'.
[2026-01-02 13:35:43.751] [warning] Couldn't find file 'trapezium_lvs.vtp'.
[2026-01-02 13:35:43.751] [warning] Couldn't find file 'metacarpal2_lvs.vtp'.
[2026-01-02 13:35:43.751] [warning] Couldn't find file 'index_proximal_lvs.vtp'.
[2026-01-02 13:35:43.751] [warning] Couldn't find file 'index_medial_lvs.vtp'.
[2026-01-02 13:35:43.751] [warning] Couldn't find file 'index_distal_lvs.vtp'.
[2026-01-02 13:35:43.751] [warning] Couldn't find file 'metacarpal3_lvs.vtp'.
[2026-01-02 13:35:43.751] [warning] Couldn't find file 'middle_proximal_lvs.vtp'.
[2026-01-02 13:35:43.751] [warning] Couldn't find file 'middle_medial_lvs.vtp'.
[2026-01-02 13:35:43.751] [warning] Couldn't find file 'middle_distal_lvs.vtp'.
[2026-01-02 13:35:43.751] [warning] Couldn't find file 'metacarpal4_lvs.vtp'.
[2026-01-02 13:35:43.752] [warning] Couldn't find file 'ring_proximal_lvs.vtp'.
[2026-01-02 13:35:43.752] [warning] Couldn't find file 'ring_medial_lvs.vtp'.
[2026-01-02 13:35:43.752] [warning] Couldn't find file 'ring_distal_lvs.vtp'.
[2026-01-02 13:35:43.752] [warning] Couldn't find file 'metacarpal5_lvs.vtp'.
[2026-01-02 13:35:43.752] [warning] Couldn't find file 'little_proximal_lvs.vtp'.
[2026-01-02 13:35:43.752] [warning] Couldn't find file 'little_medial_lvs.vtp'.
[2026-01-02 13:35:43.752] [warning] Couldn't find file 'little_distal_lvs.vtp'.
[2026-01-02 13:35:43.752] [warning] Couldn't find file 'metacarpal1_lvs.vtp'.
[2026-01-02 13:35:43.752] [warning] Couldn't find file 'thumb_proximal_lvs.vtp'.
[2026-01-02 13:35:43.752] [warning] Couldn't find file 'thumb_distal_lvs.vtp'.
[2026-01-02 13:46:00.156] [info] Loaded model Pose2Sim_scaled from file C:\Users\BB1\Desktop\MStudio\tests\opensim_output\CMJ_zero.osim
[2026-01-02 13:46:00.158] [warning] Couldn't find file 'r_pelvis.vtp'.
[2026-01-02 13:46:00.159] [warning] Couldn't find file 'l_pelvis.vtp'.
[2026-01-02 13:46:00.159] [warning] Couldn't find file 'sacrum.vtp'.
[2026-01-02 13:46:00.159] [warning] Couldn't find file 'femur_r.vtp'.
[2026-01-02 13:46:00.160] [warning] Couldn't find file 'r_patella.vtp'.
[2026-01-02 13:46:00.160] [warning] Couldn't find file 'tibia_r.vtp'.
[2026-01-02 13:46:00.160] [warning] Couldn't find file 'fibula_r.vtp'.
[2026-01-02 13:46:00.161] [warning] Couldn't find file 'talus_rv.vtp'.
[2026-01-02 13:46:00.161] [warning] Couldn't find file 'foot.vtp'.
[2026-01-02 13:46:00.161] [warning] Couldn't find file 'bofoot.vtp'.
[2026-01-02 13:46:00.161] [warning] Couldn't find file 'femur_l.vtp'.
[2026-01-02 13:46:00.162] [warning] Couldn't find file 'l_patella.vtp'.
[2026-01-02 13:46:00.162] [warning] Couldn't find file 'tibia_l.vtp'.
[2026-01-02 13:46:00.162] [warning] Couldn't find file 'fibula_l.vtp'.
[2026-01-02 13:46:00.162] [warning] Couldn't find file 'talus_lv.vtp'.
[2026-01-02 13:46:00.162] [warning] Couldn't find file 'l_foot.vtp'.
[2026-01-02 13:46:00.163] [warning] Couldn't find file 'l_bofoot.vtp'.
[2026-01-02 13:46:00.163] [warning] Couldn't find file 'lumbar5.vtp'.
[2026-01-02 13:46:00.163] [warning] Couldn't find file 'lumbar4.vtp'.
[2026-01-02 13:46:00.164] [warning] Couldn't find file 'lumbar3.vtp'.
[2026-01-02 13:46:00.164] [warning] Couldn't find file 'lumbar2.vtp'.
[2026-01-02 13:46:00.165] [warning] Couldn't find file 'lumbar1.vtp'.
[2026-01-02 13:46:00.165] [warning] Couldn't find file 'cerv1sm.vtp'.
[2026-01-02 13:46:00.165] [warning] Couldn't find file 'cerv2sm.vtp'.
[2026-01-02 13:46:00.166] [warning] Couldn't find file 'cerv3sm.vtp'.
[2026-01-02 13:46:00.166] [warning] Couldn't find file 'cerv4sm.vtp'.
[2026-01-02 13:46:00.167] [warning] Couldn't find file 'cerv5sm.vtp'.
[2026-01-02 13:46:00.167] [warning] Couldn't find file 'cerv6sm.vtp'.
[2026-01-02 13:46:00.167] [warning] Couldn't find file 'cerv7.vtp'.
[2026-01-02 13:46:00.167] [warning] Couldn't find file 'thoracic12_s.vtp'.
[2026-01-02 13:46:00.168] [warning] Couldn't find file 'thoracic11_s.vtp'.
[2026-01-02 13:46:00.168] [warning] Couldn't find file 'thoracic10_s.vtp'.
[2026-01-02 13:46:00.168] [warning] Couldn't find file 'thoracic9_s.vtp'.
[2026-01-02 13:46:00.168] [warning] Couldn't find file 'thoracic8_s.vtp'.
[2026-01-02 13:46:00.169] [warning] Couldn't find file 'thoracic7_s.vtp'.
[2026-01-02 13:46:00.169] [warning] Couldn't find file 'thoracic6_s.vtp'.
[2026-01-02 13:46:00.169] [warning] Couldn't find file 'thoracic5_s.vtp'.
[2026-01-02 13:46:00.170] [warning] Couldn't find file 'thoracic4_s.vtp'.
[2026-01-02 13:46:00.170] [warning] Couldn't find file 'thoracic3_s.vtp'.
[2026-01-02 13:46:00.170] [warning] Couldn't find file 'thoracic2_s.vtp'.
[2026-01-02 13:46:00.171] [warning] Couldn't find file 'thoracic1_s.vtp'.
[2026-01-02 13:46:00.171] [warning] Couldn't find file 'hat_ribs_scap.vtp'.
[2026-01-02 13:46:00.172] [warning] Couldn't find file 'jaw.vtp'.
[2026-01-02 13:46:00.172] [warning] Couldn't find file 'skull.vtp'.
[2026-01-02 13:46:00.173] [warning] Couldn't find file 'humerus_rv.vtp'.
[2026-01-02 13:46:00.173] [warning] Couldn't find file 'ulna_rv.vtp'.
[2026-01-02 13:46:00.173] [warning] Couldn't find file 'radius_rv.vtp'.
[2026-01-02 13:46:00.174] [warning] Couldn't find file 'pisiform_rvs.vtp'.
[2026-01-02 13:46:00.174] [warning] Couldn't find file 'lunate_rvs.vtp'.
[2026-01-02 13:46:00.174] [warning] Couldn't find file 'scaphoid_rvs.vtp'.
[2026-01-02 13:46:00.174] [warning] Couldn't find file 'triquetrum_rvs.vtp'.
[2026-01-02 13:46:00.175] [warning] Couldn't find file 'hamate_rvs.vtp'.
[2026-01-02 13:46:00.175] [warning] Couldn't find file 'capitate_rvs.vtp'.
[2026-01-02 13:46:00.175] [warning] Couldn't find file 'trapezoid_rvs.vtp'.
[2026-01-02 13:46:00.175] [warning] Couldn't find file 'trapezium_rvs.vtp'.
[2026-01-02 13:46:00.176] [warning] Couldn't find file 'metacarpal2_rvs.vtp'.
[2026-01-02 13:46:00.176] [warning] Couldn't find file 'index_proximal_rvs.vtp'.
[2026-01-02 13:46:00.176] [warning] Couldn't find file 'index_medial_rvs.vtp'.
[2026-01-02 13:46:00.176] [warning] Couldn't find file 'index_distal_rvs.vtp'.
[2026-01-02 13:46:00.176] [warning] Couldn't find file 'metacarpal3_rvs.vtp'.
[2026-01-02 13:46:00.177] [warning] Couldn't find file 'middle_proximal_rvs.vtp'.
[2026-01-02 13:46:00.177] [warning] Couldn't find file 'middle_medial_rvs.vtp'.
[2026-01-02 13:46:00.177] [warning] Couldn't find file 'middle_distal_rvs.vtp'.
[2026-01-02 13:46:00.177] [warning] Couldn't find file 'metacarpal4_rvs.vtp'.
[2026-01-02 13:46:00.178] [warning] Couldn't find file 'ring_proximal_rvs.vtp'.
[2026-01-02 13:46:00.178] [warning] Couldn't find file 'ring_medial_rvs.vtp'.
[2026-01-02 13:46:00.178] [warning] Couldn't find file 'ring_distal_rvs.vtp'.
[2026-01-02 13:46:00.178] [warning] Couldn't find file 'metacarpal5_rvs.vtp'.
[2026-01-02 13:46:00.178] [warning] Couldn't find file 'little_proximal_rvs.vtp'.
[2026-01-02 13:46:00.179] [warning] Couldn't find file 'little_medial_rvs.vtp'.
[2026-01-02 13:46:00.179] [warning] Couldn't find file 'little_distal_rvs.vtp'.
[2026-01-02 13:46:00.179] [warning] Couldn't find file 'metacarpal1_rvs.vtp'.
[2026-01-02 13:46:00.179] [warning] Couldn't find file 'thumb_proximal_rvs.vtp'.
[2026-01-02 13:46:00.180] [warning] Couldn't find file 'thumb_distal_rvs.vtp'.
[2026-01-02 13:46:00.180] [warning] Couldn't find file 'humerus_lv.vtp'.
[2026-01-02 13:46:00.180] [warning] Couldn't find file 'ulna_lv.vtp'.
[2026-01-02 13:46:00.181] [warning] Couldn't find file 'radius_lv.vtp'.
[2026-01-02 13:46:00.181] [warning] Couldn't find file 'pisiform_lvs.vtp'.
[2026-01-02 13:46:00.181] [warning] Couldn't find file 'lunate_lvs.vtp'.
[2026-01-02 13:46:00.181] [warning] Couldn't find file 'scaphoid_lvs.vtp'.
[2026-01-02 13:46:00.182] [warning] Couldn't find file 'triquetrum_lvs.vtp'.
[2026-01-02 13:46:00.182] [warning] Couldn't find file 'hamate_lvs.vtp'.
[2026-01-02 13:46:00.182] [warning] Couldn't find file 'capitate_lvs.vtp'.
[2026-01-02 13:46:00.182] [warning] Couldn't find file 'trapezoid_lvs.vtp'.
[2026-01-02 13:46:00.183] [warning] Couldn't find file 'trapezium_lvs.vtp'.
[2026-01-02 13:46:00.183] [warning] Couldn't find file 'metacarpal2_lvs.vtp'.
[2026-01-02 13:46:00.183] [warning] Couldn't find file 'index_proximal_lvs.vtp'.
[2026-01-02 13:46:00.183] [warning] Couldn't find file 'index_medial_lvs.vtp'.
[2026-01-02 13:46:00.183] [warning] Couldn't find file 'index_distal_lvs.vtp'.
[2026-01-02 13:46:00.184] [warning] Couldn't find file 'metacarpal3_lvs.vtp'.
[2026-01-02 13:46:00.184] [warning] Couldn't find file 'middle_proximal_lvs.vtp'.
[2026-01-02 13:46:00.184] [warning] Couldn't find file 'middle_medial_lvs.vtp'.
[2026-01-02 13:46:00.185] [warning] Couldn't find file 'middle_distal_lvs.vtp'.
[2026-01-02 13:46:00.185] [warning] Couldn't find file 'metacarpal4_lvs.vtp'.
[2026-01-02 13:46:00.185] [warning] Couldn't find file 'ring_proximal_lvs.vtp'.
[2026-01-02 13:46:00.185] [warning] Couldn't find file 'ring_medial_lvs.vtp'.
[2026-01-02 13:46:00.186] [warning] Couldn't find file 'ring_distal_lvs.vtp'.
[2026-01-02 13:46:00.186] [warning] Couldn't find file 'metacarpal5_lvs.vtp'.
[2026-01-02 13:46:00.186] [warning] Couldn't find file 'little_proximal_lvs.vtp'.
[2026-01-02 13:46:00.186] [warning] Couldn't find file 'little_medial_lvs.vtp'.
[2026-01-02 13:46:00.187] [warning] Couldn't find file 'little_distal_lvs.vtp'.
[2026-01-02 13:46:00.187] [warning] Couldn't find file 'metacarpal1_lvs.vtp'.
[2026-01-02 13:46:00.187] [warning] Couldn't find file 'thumb_proximal_lvs.vtp'.
[2026-01-02 13:46:00.187] [warning] Couldn't find file 'thumb_distal_lvs.vtp'.
[2026-01-02 13:46:00.204] [cout] [info] 
               MODEL: Pose2Sim_scaled
         coordinates: 62
              forces: 330
           actuators: 318
             muscles: 318
            analyses: 0
              probes: 0
              bodies: 30
              joints: 30
         constraints: 20
             markers: 22
         controllers: 0
  contact geometries: 13
misc modelcomponents: 0
[2026-01-02 13:46:00.204] [info] Running tool .
[2026-01-02 13:46:00.647] [info] Frame 0 (t = 0.0):	 total squared error = 0.0235822, marker error: RMS = 0.0327402, max = 0.109149 (Head)
[2026-01-02 13:46:00.680] [info] Frame 1 (t = 0.016667):	 total squared error = 0.0234648, marker error: RMS = 0.0326585, max = 0.109009 (Head)
[2026-01-02 13:46:00.798] [info] Frame 2 (t = 0.033333):	 total squared error = 0.0233101, marker error: RMS = 0.0325507, max = 0.108508 (Head)
[2026-01-02 13:46:00.851] [info] Frame 3 (t = 0.05):	 total squared error = 0.0232578, marker error: RMS = 0.0325142, max = 0.108529 (Head)
[2026-01-02 13:46:00.881] [info] Frame 4 (t = 0.066667):	 total squared error = 0.0233246, marker error: RMS = 0.0325609, max = 0.108873 (Head)
[2026-01-02 13:46:00.946] [info] Frame 5 (t = 0.083333):	 total squared error = 0.0233301, marker error: RMS = 0.0325647, max = 0.108654 (Head)
[2026-01-02 13:46:00.973] [info] Frame 6 (t = 0.1):	 total squared error = 0.0233829, marker error: RMS = 0.0326015, max = 0.108853 (Head)
[2026-01-02 13:46:01.025] [info] Frame 7 (t = 0.116667):	 total squared error = 0.0233484, marker error: RMS = 0.0325775, max = 0.108475 (Head)
[2026-01-02 13:46:01.068] [info] Frame 8 (t = 0.133333):	 total squared error = 0.0232776, marker error: RMS = 0.032528, max = 0.108070 (Head)
[2026-01-02 13:46:01.095] [info] Frame 9 (t = 0.15):	 total squared error = 0.0231501, marker error: RMS = 0.0324388, max = 0.107441 (Head)
[2026-01-02 13:46:01.169] [info] Frame 10 (t = 0.166667):	 total squared error = 0.0229437, marker error: RMS = 0.0322939, max = 0.107030 (Head)
[2026-01-02 13:46:01.211] [info] Frame 11 (t = 0.183333):	 total squared error = 0.0227105, marker error: RMS = 0.0321294, max = 0.106429 (Head)
[2026-01-02 13:46:01.251] [info] Frame 12 (t = 0.2):	 total squared error = 0.0224405, marker error: RMS = 0.0319378, max = 0.105938 (Head)
[2026-01-02 13:46:01.304] [info] Frame 13 (t = 0.216667):	 total squared error = 0.0222078, marker error: RMS = 0.0317718, max = 0.105628 (Head)
[2026-01-02 13:46:01.331] [info] Frame 14 (t = 0.233333):	 total squared error = 0.021996, marker error: RMS = 0.0316199, max = 0.105534 (Head)
[2026-01-02 13:46:01.382] [info] Frame 15 (t = 0.25):	 total squared error = 0.0218148, marker error: RMS = 0.0314894, max = 0.105196 (Head)
[2026-01-02 13:46:01.437] [info] Frame 16 (t = 0.266667):	 total squared error = 0.0216783, marker error: RMS = 0.0313907, max = 0.104902 (Head)
[2026-01-02 13:46:01.509] [info] Frame 17 (t = 0.283333):	 total squared error = 0.0215696, marker error: RMS = 0.0313119, max = 0.104594 (Head)
[2026-01-02 13:46:01.532] [info] Frame 18 (t = 0.3):	 total squared error = 0.0215071, marker error: RMS = 0.0312665, max = 0.104478 (Head)
[2026-01-02 13:46:01.564] [info] Frame 19 (t = 0.316667):	 total squared error = 0.0214896, marker error: RMS = 0.0312538, max = 0.104196 (Head)
[2026-01-02 13:46:01.606] [info] Frame 20 (t = 0.333333):	 total squared error = 0.0215431, marker error: RMS = 0.0312927, max = 0.104065 (Head)
[2026-01-02 13:46:01.677] [info] Frame 21 (t = 0.35):	 total squared error = 0.0215792, marker error: RMS = 0.0313189, max = 0.104608 (Head)
[2026-01-02 13:46:01.782] [info] Frame 22 (t = 0.366667):	 total squared error = 0.0216184, marker error: RMS = 0.0313473, max = 0.103959 (Head)
[2026-01-02 13:46:01.838] [info] Frame 23 (t = 0.383333):	 total squared error = 0.0216704, marker error: RMS = 0.031385, max = 0.103729 (Head)
[2026-01-02 13:46:01.899] [info] Frame 24 (t = 0.4):	 total squared error = 0.0217466, marker error: RMS = 0.0314401, max = 0.104285 (Head)
[2026-01-02 13:46:01.967] [info] Frame 25 (t = 0.416667):	 total squared error = 0.0217841, marker error: RMS = 0.0314672, max = 0.104323 (Head)
[2026-01-02 13:46:02.016] [info] Frame 26 (t = 0.433333):	 total squared error = 0.021777, marker error: RMS = 0.0314621, max = 0.103701 (Head)
[2026-01-02 13:46:02.069] [info] Frame 27 (t = 0.45):	 total squared error = 0.0217235, marker error: RMS = 0.0314235, max = 0.103654 (Head)
[2026-01-02 13:46:02.111] [info] Frame 28 (t = 0.466667):	 total squared error = 0.021721, marker error: RMS = 0.0314216, max = 0.102507 (Head)
[2026-01-02 13:46:02.181] [info] Frame 29 (t = 0.483333):	 total squared error = 0.0216115, marker error: RMS = 0.0313423, max = 0.103532 (Head)
[2026-01-02 13:46:02.229] [info] Frame 30 (t = 0.5):	 total squared error = 0.0215816, marker error: RMS = 0.0313206, max = 0.103110 (Head)
[2026-01-02 13:46:02.295] [info] Frame 31 (t = 0.516667):	 total squared error = 0.0215778, marker error: RMS = 0.0313179, max = 0.103161 (Head)
[2026-01-02 13:46:02.353] [info] Frame 32 (t = 0.533333):	 total squared error = 0.0216105, marker error: RMS = 0.0313416, max = 0.102911 (Head)
[2026-01-02 13:46:02.406] [info] Frame 33 (t = 0.55):	 total squared error = 0.0216266, marker error: RMS = 0.0313533, max = 0.102389 (Head)
[2026-01-02 13:46:02.488] [info] Frame 34 (t = 0.566667):	 total squared error = 0.021673, marker error: RMS = 0.0313869, max = 0.103529 (Head)
[2026-01-02 13:46:02.555] [info] Frame 35 (t = 0.583333):	 total squared error = 0.0217311, marker error: RMS = 0.0314289, max = 0.103841 (Head)
[2026-01-02 13:46:02.601] [info] Frame 36 (t = 0.6):	 total squared error = 0.0218032, marker error: RMS = 0.031481, max = 0.103727 (Head)
[2026-01-02 13:46:02.651] [info] Frame 37 (t = 0.616667):	 total squared error = 0.0218458, marker error: RMS = 0.0315118, max = 0.104215 (Head)
[2026-01-02 13:46:02.727] [info] Frame 38 (t = 0.633333):	 total squared error = 0.0218779, marker error: RMS = 0.0315349, max = 0.105037 (Head)
[2026-01-02 13:46:02.785] [info] Frame 39 (t = 0.65):	 total squared error = 0.0218565, marker error: RMS = 0.0315195, max = 0.105155 (Head)
[2026-01-02 13:46:02.844] [info] Frame 40 (t = 0.666667):	 total squared error = 0.0218456, marker error: RMS = 0.0315116, max = 0.105737 (Head)
[2026-01-02 13:46:02.924] [info] Frame 41 (t = 0.683333):	 total squared error = 0.0218068, marker error: RMS = 0.0314836, max = 0.105443 (Head)
[2026-01-02 13:46:03.017] [info] Frame 42 (t = 0.7):	 total squared error = 0.0216897, marker error: RMS = 0.0313989, max = 0.106066 (Head)
[2026-01-02 13:46:03.066] [info] Frame 43 (t = 0.716667):	 total squared error = 0.0214264, marker error: RMS = 0.0312078, max = 0.106147 (Head)
[2026-01-02 13:46:03.139] [info] Frame 44 (t = 0.733333):	 total squared error = 0.0208994, marker error: RMS = 0.0308217, max = 0.105766 (Head)
[2026-01-02 13:46:03.203] [info] Frame 45 (t = 0.75):	 total squared error = 0.0199733, marker error: RMS = 0.0301310, max = 0.104529 (Head)
[2026-01-02 13:46:03.280] [info] Frame 46 (t = 0.766667):	 total squared error = 0.0185164, marker error: RMS = 0.0290113, max = 0.101723 (Head)
[2026-01-02 13:46:03.345] [info] Frame 47 (t = 0.783333):	 total squared error = 0.0165808, marker error: RMS = 0.0274531, max = 0.0974442 (Head)
[2026-01-02 13:46:03.429] [info] Frame 48 (t = 0.8):	 total squared error = 0.0143155, marker error: RMS = 0.0255089, max = 0.0909098 (Head)
[2026-01-02 13:46:03.515] [info] Frame 49 (t = 0.816667):	 total squared error = 0.0120725, marker error: RMS = 0.0234254, max = 0.0823916 (Head)
[2026-01-02 13:46:03.651] [info] Frame 50 (t = 0.833333):	 total squared error = 0.0102508, marker error: RMS = 0.0215858, max = 0.071929 (Head)
[2026-01-02 13:46:03.732] [info] Frame 51 (t = 0.85):	 total squared error = 0.00937227, marker error: RMS = 0.0206401, max = 0.0603168 (Head)
[2026-01-02 13:46:03.828] [info] Frame 52 (t = 0.866667):	 total squared error = 0.00983769, marker error: RMS = 0.0211463, max = 0.0481992 (Head)
[2026-01-02 13:46:03.937] [info] Frame 53 (t = 0.883333):	 total squared error = 0.0119207, marker error: RMS = 0.0232776, max = 0.0471693 (Neck)
[2026-01-02 13:46:04.081] [info] Frame 54 (t = 0.9):	 total squared error = 0.0156080, marker error: RMS = 0.0266356, max = 0.066193 (Neck)
[2026-01-02 13:46:04.168] [info] Frame 55 (t = 0.916667):	 total squared error = 0.0206388, marker error: RMS = 0.0306288, max = 0.0857653 (Neck)
[2026-01-02 13:46:04.472] [info] Frame 56 (t = 0.933333):	 total squared error = 0.0264278, marker error: RMS = 0.0346592, max = 0.104903 (Neck)
[2026-01-02 13:46:04.559] [info] Frame 57 (t = 0.95):	 total squared error = 0.0327787, marker error: RMS = 0.0385997, max = 0.122232 (Neck)
[2026-01-02 13:46:04.669] [info] Frame 58 (t = 0.966667):	 total squared error = 0.0400941, marker error: RMS = 0.0426903, max = 0.136739 (Neck)
[2026-01-02 13:46:04.786] [info] Frame 59 (t = 0.983333):	 total squared error = 0.0502263, marker error: RMS = 0.0477809, max = 0.149095 (Neck)
[2026-01-02 13:46:04.953] [info] Frame 60 (t = 1.0):	 total squared error = 0.0658959, marker error: RMS = 0.0547291, max = 0.160672 (Neck)
[2026-01-02 13:46:05.048] [info] Frame 61 (t = 1.01667):	 total squared error = 0.0887074, marker error: RMS = 0.0634993, max = 0.173119 (Neck)
[2026-01-02 13:46:05.121] [info] Frame 62 (t = 1.03333):	 total squared error = 0.117346, marker error: RMS = 0.0730338, max = 0.187174 (Neck)
[2026-01-02 13:46:05.176] [info] Frame 63 (t = 1.05):	 total squared error = 0.149505, marker error: RMS = 0.0824359, max = 0.219801 (Head)
[2026-01-02 13:46:05.253] [info] Frame 64 (t = 1.06667):	 total squared error = 0.183768, marker error: RMS = 0.0913954, max = 0.262382 (Head)
[2026-01-02 13:46:05.381] [info] Frame 65 (t = 1.08333):	 total squared error = 0.217282, marker error: RMS = 0.0993804, max = 0.302958 (Head)
[2026-01-02 13:46:05.453] [info] Frame 66 (t = 1.1):	 total squared error = 0.244545, marker error: RMS = 0.105431, max = 0.333509 (Head)
[2026-01-02 13:46:05.512] [info] Frame 67 (t = 1.11667):	 total squared error = 0.259986, marker error: RMS = 0.108709, max = 0.350033 (Head)
[2026-01-02 13:46:05.563] [info] Frame 68 (t = 1.13333):	 total squared error = 0.261428, marker error: RMS = 0.109010, max = 0.351393 (Head)
[2026-01-02 13:46:05.643] [info] Frame 69 (t = 1.15):	 total squared error = 0.249457, marker error: RMS = 0.106485, max = 0.340044 (Head)
[2026-01-02 13:46:05.732] [info] Frame 70 (t = 1.16667):	 total squared error = 0.226001, marker error: RMS = 0.101355, max = 0.318786 (Head)
[2026-01-02 13:46:05.814] [info] Frame 71 (t = 1.18333):	 total squared error = 0.194552, marker error: RMS = 0.0940387, max = 0.290080 (Head)
[2026-01-02 13:46:05.915] [info] Frame 72 (t = 1.2):	 total squared error = 0.15966, marker error: RMS = 0.0851895, max = 0.256195 (Head)
[2026-01-02 13:46:06.030] [info] Frame 73 (t = 1.21667):	 total squared error = 0.126098, marker error: RMS = 0.0757080, max = 0.219561 (Head)
[2026-01-02 13:46:06.115] [info] Frame 74 (t = 1.23333):	 total squared error = 0.0974123, marker error: RMS = 0.0665419, max = 0.183595 (Head)
[2026-01-02 13:46:06.193] [info] Frame 75 (t = 1.25):	 total squared error = 0.0753464, marker error: RMS = 0.0585221, max = 0.152789 (Head)
[2026-01-02 13:46:06.280] [info] Frame 76 (t = 1.26667):	 total squared error = 0.0596016, marker error: RMS = 0.0520496, max = 0.131477 (Head)
[2026-01-02 13:46:06.369] [info] Frame 77 (t = 1.28333):	 total squared error = 0.0486744, marker error: RMS = 0.0470369, max = 0.120837 (Head)
[2026-01-02 13:46:06.423] [info] Frame 78 (t = 1.3):	 total squared error = 0.0412322, marker error: RMS = 0.0432919, max = 0.117982 (Head)
[2026-01-02 13:46:06.521] [info] Frame 79 (t = 1.31667):	 total squared error = 0.0363663, marker error: RMS = 0.0406573, max = 0.121076 (Head)
[2026-01-02 13:46:06.608] [info] Frame 80 (t = 1.33333):	 total squared error = 0.0341907, marker error: RMS = 0.0394223, max = 0.124335 (Head)
[2026-01-02 13:46:06.692] [info] Frame 81 (t = 1.35):	 total squared error = 0.0339529, marker error: RMS = 0.039285, max = 0.126118 (Head)
[2026-01-02 13:46:06.748] [info] Frame 82 (t = 1.36667):	 total squared error = 0.034358, marker error: RMS = 0.0395187, max = 0.124583 (Head)
[2026-01-02 13:46:06.883] [info] Frame 83 (t = 1.38333):	 total squared error = 0.0340189, marker error: RMS = 0.0393232, max = 0.121175 (Head)
[2026-01-02 13:46:06.967] [info] Frame 84 (t = 1.4):	 total squared error = 0.0326152, marker error: RMS = 0.0385034, max = 0.115654 (Head)
[2026-01-02 13:46:07.155] [info] Frame 85 (t = 1.41667):	 total squared error = 0.0306513, marker error: RMS = 0.0373262, max = 0.11114 (Head)
[2026-01-02 13:46:07.306] [info] Frame 86 (t = 1.43333):	 total squared error = 0.0290124, marker error: RMS = 0.0363145, max = 0.108858 (Head)
[2026-01-02 13:46:07.395] [info] Frame 87 (t = 1.45):	 total squared error = 0.0282839, marker error: RMS = 0.0358557, max = 0.108011 (Head)
[2026-01-02 13:46:07.452] [info] Frame 88 (t = 1.46667):	 total squared error = 0.0282713, marker error: RMS = 0.0358477, max = 0.107904 (Head)
[2026-01-02 13:46:07.594] [info] Frame 89 (t = 1.48333):	 total squared error = 0.0281067, marker error: RMS = 0.0357432, max = 0.108382 (Head)
[2026-01-02 13:46:07.715] [info] Frame 90 (t = 1.5):	 total squared error = 0.0276898, marker error: RMS = 0.0354771, max = 0.104713 (Head)
[2026-01-02 13:46:07.834] [info] Frame 91 (t = 1.51667):	 total squared error = 0.0272712, marker error: RMS = 0.0352079, max = 0.100209 (Head)
[2026-01-02 13:46:07.926] [info] Frame 92 (t = 1.53333):	 total squared error = 0.0273502, marker error: RMS = 0.0352589, max = 0.0950895 (Head)
[2026-01-02 13:46:08.062] [info] Frame 93 (t = 1.55):	 total squared error = 0.0279016, marker error: RMS = 0.0356125, max = 0.0928152 (Nose)
[2026-01-02 13:46:08.206] [info] Frame 94 (t = 1.56667):	 total squared error = 0.0284151, marker error: RMS = 0.0359388, max = 0.0939604 (Nose)
[2026-01-02 13:46:08.363] [info] Frame 95 (t = 1.58333):	 total squared error = 0.028397, marker error: RMS = 0.0359273, max = 0.0955199 (Nose)
[2026-01-02 13:46:08.458] [info] Frame 96 (t = 1.6):	 total squared error = 0.0279382, marker error: RMS = 0.0356359, max = 0.0972298 (Nose)
[2026-01-02 13:46:08.512] [info] Frame 97 (t = 1.61667):	 total squared error = 0.0272443, marker error: RMS = 0.0351906, max = 0.0951391 (Nose)
[2026-01-02 13:46:08.572] [info] Frame 98 (t = 1.63333):	 total squared error = 0.0268786, marker error: RMS = 0.0349536, max = 0.0960094 (Nose)
[2026-01-02 13:46:08.670] [info] Frame 99 (t = 1.65):	 total squared error = 0.0271445, marker error: RMS = 0.0351261, max = 0.104091 (Nose)
[2026-01-02 13:46:08.717] [info] Frame 100 (t = 1.66667):	 total squared error = 0.028152, marker error: RMS = 0.035772, max = 0.101358 (Nose)
[2026-01-02 13:46:08.795] [info] Frame 101 (t = 1.68333):	 total squared error = 0.0291289, marker error: RMS = 0.0363874, max = 0.108323 (Nose)
[2026-01-02 13:46:08.848] [info] Frame 102 (t = 1.7):	 total squared error = 0.0299803, marker error: RMS = 0.0369153, max = 0.107608 (Nose)
[2026-01-02 13:46:08.900] [info] Frame 103 (t = 1.71667):	 total squared error = 0.0301409, marker error: RMS = 0.0370141, max = 0.107682 (Nose)
[2026-01-02 13:46:08.985] [info] Frame 104 (t = 1.73333):	 total squared error = 0.0295118, marker error: RMS = 0.0366257, max = 0.107840 (Nose)
[2026-01-02 13:46:09.067] [info] Frame 105 (t = 1.75):	 total squared error = 0.0286203, marker error: RMS = 0.0360683, max = 0.104608 (Nose)
[2026-01-02 13:46:09.175] [info] Frame 106 (t = 1.76667):	 total squared error = 0.0278087, marker error: RMS = 0.0355532, max = 0.100213 (Nose)
[2026-01-02 13:46:09.266] [info] Frame 107 (t = 1.78333):	 total squared error = 0.0275369, marker error: RMS = 0.0353791, max = 0.0958616 (Nose)
[2026-01-02 13:46:09.348] [info] Frame 108 (t = 1.8):	 total squared error = 0.0280590, marker error: RMS = 0.0357129, max = 0.0942699 (Nose)
[2026-01-02 13:46:09.430] [info] Frame 109 (t = 1.81667):	 total squared error = 0.0292833, marker error: RMS = 0.0364837, max = 0.0929942 (Nose)
[2026-01-02 13:46:09.521] [info] Frame 110 (t = 1.83333):	 total squared error = 0.0308565, marker error: RMS = 0.0374509, max = 0.0916538 (Nose)
[2026-01-02 13:46:09.628] [info] Frame 111 (t = 1.85):	 total squared error = 0.0323884, marker error: RMS = 0.0383692, max = 0.0910650 (Nose)
[2026-01-02 13:46:09.748] [info] Frame 112 (t = 1.86667):	 total squared error = 0.0334071, marker error: RMS = 0.038968, max = 0.0908602 (Nose)
[2026-01-02 13:46:09.816] [info] Frame 113 (t = 1.88333):	 total squared error = 0.0334878, marker error: RMS = 0.0390150, max = 0.0907132 (Head)
[2026-01-02 13:46:09.923] [info] Frame 114 (t = 1.9):	 total squared error = 0.0318941, marker error: RMS = 0.0380754, max = 0.0959566 (Head)
[2026-01-02 13:46:10.054] [info] Frame 115 (t = 1.91667):	 total squared error = 0.0285696, marker error: RMS = 0.0360363, max = 0.0963999 (Head)
[2026-01-02 13:46:10.181] [info] Frame 116 (t = 1.93333):	 total squared error = 0.0237811, marker error: RMS = 0.0328779, max = 0.092962 (Head)
[2026-01-02 13:46:10.311] [info] Frame 117 (t = 1.95):	 total squared error = 0.0186495, marker error: RMS = 0.0291154, max = 0.0860309 (Head)
[2026-01-02 13:46:10.427] [info] Frame 118 (t = 1.96667):	 total squared error = 0.0144017, marker error: RMS = 0.0255856, max = 0.0764553 (Head)
[2026-01-02 13:46:10.517] [info] Frame 119 (t = 1.98333):	 total squared error = 0.0117881, marker error: RMS = 0.0231479, max = 0.0650297 (Head)
[2026-01-02 13:46:10.718] [info] Frame 120 (t = 2.0):	 total squared error = 0.0107756, marker error: RMS = 0.0221314, max = 0.0546561 (Head)
[2026-01-02 13:46:10.805] [info] Frame 121 (t = 2.01667):	 total squared error = 0.0111858, marker error: RMS = 0.0225487, max = 0.0436836 (Head)
[2026-01-02 13:46:10.948] [info] Frame 122 (t = 2.03333):	 total squared error = 0.0130670, marker error: RMS = 0.0243712, max = 0.0449485 (RShoulder)
[2026-01-02 13:46:11.039] [info] Frame 123 (t = 2.05):	 total squared error = 0.0163914, marker error: RMS = 0.0272958, max = 0.0561994 (Neck)
[2026-01-02 13:46:11.200] [info] Frame 124 (t = 2.06667):	 total squared error = 0.0206856, marker error: RMS = 0.0306636, max = 0.0678959 (Neck)
[2026-01-02 13:46:11.317] [info] Frame 125 (t = 2.08333):	 total squared error = 0.0254782, marker error: RMS = 0.0340309, max = 0.0793299 (Neck)
[2026-01-02 13:46:11.465] [info] Frame 126 (t = 2.1):	 total squared error = 0.0302207, marker error: RMS = 0.0370630, max = 0.0886586 (Neck)
[2026-01-02 13:46:11.546] [info] Frame 127 (t = 2.11667):	 total squared error = 0.0341737, marker error: RMS = 0.0394125, max = 0.0950190 (Neck)
[2026-01-02 13:46:11.616] [info] Frame 128 (t = 2.13333):	 total squared error = 0.0370137, marker error: RMS = 0.0410176, max = 0.09921 (Neck)
[2026-01-02 13:46:11.755] [info] Frame 129 (t = 2.15):	 total squared error = 0.0398912, marker error: RMS = 0.0425821, max = 0.103531 (Neck)
[2026-01-02 13:46:11.969] [info] Frame 130 (t = 2.16667):	 total squared error = 0.0455359, marker error: RMS = 0.0454952, max = 0.111194 (Neck)
[2026-01-02 13:46:12.047] [info] Frame 131 (t = 2.18333):	 total squared error = 0.0572625, marker error: RMS = 0.0510181, max = 0.124395 (Neck)
[2026-01-02 13:46:12.122] [info] Frame 132 (t = 2.2):	 total squared error = 0.0776109, marker error: RMS = 0.059395, max = 0.142983 (Neck)
[2026-01-02 13:46:12.206] [info] Frame 133 (t = 2.21667):	 total squared error = 0.107425, marker error: RMS = 0.0698782, max = 0.187058 (Head)
[2026-01-02 13:46:12.319] [info] Frame 134 (t = 2.23333):	 total squared error = 0.143141, marker error: RMS = 0.0806623, max = 0.228719 (Head)
[2026-01-02 13:46:12.462] [info] Frame 135 (t = 2.25):	 total squared error = 0.176857, marker error: RMS = 0.0896601, max = 0.259382 (Head)
[2026-01-02 13:46:12.554] [info] Frame 136 (t = 2.26667):	 total squared error = 0.200242, marker error: RMS = 0.0954039, max = 0.274329 (Head)
[2026-01-02 13:46:12.650] [info] Frame 137 (t = 2.28333):	 total squared error = 0.207105, marker error: RMS = 0.0970250, max = 0.274615 (Head)
[2026-01-02 13:46:12.741] [info] Frame 138 (t = 2.3):	 total squared error = 0.195903, marker error: RMS = 0.0943646, max = 0.261846 (Head)
[2026-01-02 13:46:12.826] [info] Frame 139 (t = 2.31667):	 total squared error = 0.171533, marker error: RMS = 0.0883003, max = 0.238699 (Head)
[2026-01-02 13:46:12.929] [info] Frame 140 (t = 2.33333):	 total squared error = 0.142905, marker error: RMS = 0.0805958, max = 0.211146 (Head)
[2026-01-02 13:46:13.016] [info] Frame 141 (t = 2.35):	 total squared error = 0.117162, marker error: RMS = 0.0729764, max = 0.18534 (Head)
[2026-01-02 13:46:13.114] [info] Frame 142 (t = 2.36667):	 total squared error = 0.096788, marker error: RMS = 0.0663284, max = 0.164722 (Head)
[2026-01-02 13:46:13.189] [info] Frame 143 (t = 2.38333):	 total squared error = 0.0814332, marker error: RMS = 0.0608400, max = 0.147733 (Head)
[2026-01-02 13:46:13.244] [info] Frame 144 (t = 2.4):	 total squared error = 0.0699767, marker error: RMS = 0.0563982, max = 0.135348 (Head)
[2026-01-02 13:46:13.275] [info] Frame 145 (t = 2.41667):	 total squared error = 0.0609039, marker error: RMS = 0.0526152, max = 0.127163 (Head)
[2026-01-02 13:46:13.321] [info] Frame 146 (t = 2.43333):	 total squared error = 0.0532611, marker error: RMS = 0.0492033, max = 0.121925 (Head)
[2026-01-02 13:46:13.353] [info] Frame 147 (t = 2.45):	 total squared error = 0.0467665, marker error: RMS = 0.0461058, max = 0.116726 (Head)
[2026-01-02 13:46:13.452] [info] Frame 148 (t = 2.46667):	 total squared error = 0.0410089, marker error: RMS = 0.0431745, max = 0.113288 (Head)
[2026-01-02 13:46:13.493] [info] Frame 149 (t = 2.48333):	 total squared error = 0.036389, marker error: RMS = 0.0406700, max = 0.110456 (Head)
[2026-01-02 13:46:13.532] [info] Frame 150 (t = 2.5):	 total squared error = 0.0326967, marker error: RMS = 0.0385514, max = 0.108625 (Head)
[2026-01-02 13:46:13.568] [info] Frame 151 (t = 2.51667):	 total squared error = 0.0298489, marker error: RMS = 0.0368343, max = 0.107172 (Head)
[2026-01-02 13:46:13.603] [info] Frame 152 (t = 2.53333):	 total squared error = 0.0276007, marker error: RMS = 0.03542, max = 0.106108 (Head)
[2026-01-02 13:46:13.637] [info] Frame 153 (t = 2.55):	 total squared error = 0.0258185, marker error: RMS = 0.0342574, max = 0.105635 (Head)
[2026-01-02 13:46:13.729] [info] Frame 154 (t = 2.56667):	 total squared error = 0.0243374, marker error: RMS = 0.0332603, max = 0.105765 (Head)
[2026-01-02 13:46:13.768] [info] Frame 155 (t = 2.58333):	 total squared error = 0.0232009, marker error: RMS = 0.0324744, max = 0.105460 (Head)
[2026-01-02 13:46:13.800] [info] Frame 156 (t = 2.6):	 total squared error = 0.0223495, marker error: RMS = 0.031873, max = 0.105496 (Head)
[2026-01-02 13:46:13.852] [info] Frame 157 (t = 2.61667):	 total squared error = 0.0217764, marker error: RMS = 0.0314617, max = 0.104929 (Head)
[2026-01-02 13:46:13.884] [info] Frame 158 (t = 2.63333):	 total squared error = 0.0213573, marker error: RMS = 0.0311575, max = 0.104652 (Head)
[2026-01-02 13:46:13.933] [info] Frame 159 (t = 2.65):	 total squared error = 0.0209956, marker error: RMS = 0.0308925, max = 0.104012 (Head)
[2026-01-02 13:46:13.967] [info] Frame 160 (t = 2.66667):	 total squared error = 0.0207222, marker error: RMS = 0.0306907, max = 0.103562 (Head)
[2026-01-02 13:46:14.039] [info] Frame 161 (t = 2.68333):	 total squared error = 0.0205102, marker error: RMS = 0.0305333, max = 0.103455 (Head)
[2026-01-02 13:46:14.075] [info] Frame 162 (t = 2.7):	 total squared error = 0.0203790, marker error: RMS = 0.0304355, max = 0.103643 (Head)
[2026-01-02 13:46:14.111] [info] Frame 163 (t = 2.71667):	 total squared error = 0.0202449, marker error: RMS = 0.0303352, max = 0.103859 (Head)
[2026-01-02 13:46:14.150] [info] Frame 164 (t = 2.73333):	 total squared error = 0.0200387, marker error: RMS = 0.0301803, max = 0.103849 (Head)
[2026-01-02 13:46:14.198] [info] Frame 165 (t = 2.75):	 total squared error = 0.0197905, marker error: RMS = 0.0299928, max = 0.103915 (Head)
[2026-01-02 13:46:14.231] [info] Frame 166 (t = 2.76667):	 total squared error = 0.0195712, marker error: RMS = 0.0298262, max = 0.103437 (Head)
[2026-01-02 13:46:14.299] [info] Frame 167 (t = 2.78333):	 total squared error = 0.0193888, marker error: RMS = 0.0296868, max = 0.103440 (Head)
[2026-01-02 13:46:14.336] [info] Frame 168 (t = 2.8):	 total squared error = 0.0192924, marker error: RMS = 0.0296129, max = 0.103109 (Head)
[2026-01-02 13:46:14.373] [info] Frame 169 (t = 2.81667):	 total squared error = 0.0192368, marker error: RMS = 0.0295703, max = 0.103026 (Head)
[2026-01-02 13:46:14.403] [info] Frame 170 (t = 2.83333):	 total squared error = 0.0192634, marker error: RMS = 0.0295907, max = 0.102912 (Head)
[2026-01-02 13:46:14.426] [info] Frame 171 (t = 2.85):	 total squared error = 0.0193355, marker error: RMS = 0.029646, max = 0.103025 (Head)
[2026-01-02 13:46:14.467] [info] Frame 172 (t = 2.86667):	 total squared error = 0.0195132, marker error: RMS = 0.0297819, max = 0.103599 (Head)
[2026-01-02 13:46:14.498] [info] Frame 173 (t = 2.88333):	 total squared error = 0.0196866, marker error: RMS = 0.0299139, max = 0.103967 (Head)
[2026-01-02 13:46:14.536] [info] Frame 174 (t = 2.9):	 total squared error = 0.0198604, marker error: RMS = 0.0300457, max = 0.104215 (Head)
[2026-01-02 13:46:14.564] [info] Frame 175 (t = 2.91667):	 total squared error = 0.0199618, marker error: RMS = 0.0301223, max = 0.104331 (Head)
[2026-01-02 13:46:14.591] [info] Frame 176 (t = 2.93333):	 total squared error = 0.0199963, marker error: RMS = 0.0301483, max = 0.104316 (Head)
[2026-01-02 13:46:14.675] [info] Frame 177 (t = 2.95):	 total squared error = 0.0199853, marker error: RMS = 0.0301401, max = 0.104046 (Head)
[2026-01-02 13:46:14.679] [info] InverseKinematicsTool completed 178 frames in 14 second(s).
[2026-01-02 13:46:16.055] [info] Loaded model Pose2Sim_scaled from file C:\Users\BB1\Desktop\MStudio\tests\opensim_output\CMJ_zero.osim
[2026-01-02 13:46:16.057] [warning] Couldn't find file 'r_pelvis.vtp'.
[2026-01-02 13:46:16.058] [warning] Couldn't find file 'l_pelvis.vtp'.
[2026-01-02 13:46:16.058] [warning] Couldn't find file 'sacrum.vtp'.
[2026-01-02 13:46:16.058] [warning] Couldn't find file 'femur_r.vtp'.
[2026-01-02 13:46:16.059] [warning] Couldn't find file 'r_patella.vtp'.
[2026-01-02 13:46:16.059] [warning] Couldn't find file 'tibia_r.vtp'.
[2026-01-02 13:46:16.059] [warning] Couldn't find file 'fibula_r.vtp'.
[2026-01-02 13:46:16.060] [warning] Couldn't find file 'talus_rv.vtp'.
[2026-01-02 13:46:16.060] [warning] Couldn't find file 'foot.vtp'.
[2026-01-02 13:46:16.060] [warning] Couldn't find file 'bofoot.vtp'.
[2026-01-02 13:46:16.060] [warning] Couldn't find file 'femur_l.vtp'.
[2026-01-02 13:46:16.061] [warning] Couldn't find file 'l_patella.vtp'.
[2026-01-02 13:46:16.061] [warning] Couldn't find file 'tibia_l.vtp'.
[2026-01-02 13:46:16.061] [warning] Couldn't find file 'fibula_l.vtp'.
[2026-01-02 13:46:16.062] [warning] Couldn't find file 'talus_lv.vtp'.
[2026-01-02 13:46:16.062] [warning] Couldn't find file 'l_foot.vtp'.
[2026-01-02 13:46:16.062] [warning] Couldn't find file 'l_bofoot.vtp'.
[2026-01-02 13:46:16.062] [warning] Couldn't find file 'lumbar5.vtp'.
[2026-01-02 13:46:16.063] [warning] Couldn't find file 'lumbar4.vtp'.
[2026-01-02 13:46:16.063] [warning] Couldn't find file 'lumbar3.vtp'.
[2026-01-02 13:46:16.063] [warning] Couldn't find file 'lumbar2.vtp'.
[2026-01-02 13:46:16.063] [warning] Couldn't find file 'lumbar1.vtp'.
[2026-01-02 13:46:16.064] [warning] Couldn't find file 'cerv1sm.vtp'.
[2026-01-02 13:46:16.064] [warning] Couldn't find file 'cerv2sm.vtp'.
[2026-01-02 13:46:16.064] [warning] Couldn't find file 'cerv3sm.vtp'.
[2026-01-02 13:46:16.065] [warning] Couldn't find file 'cerv4sm.vtp'.
[2026-01-02 13:46:16.065] [warning] Couldn't find file 'cerv5sm.vtp'.
[2026-01-02 13:46:16.065] [warning] Couldn't find file 'cerv6sm.vtp'.
[2026-01-02 13:46:16.065] [warning] Couldn't find file 'cerv7.vtp'.
[2026-01-02 13:46:16.066] [warning] Couldn't find file 'thoracic12_s.vtp'.
[2026-01-02 13:46:16.066] [warning] Couldn't find file 'thoracic11_s.vtp'.
[2026-01-02 13:46:16.066] [warning] Couldn't find file 'thoracic10_s.vtp'.
[2026-01-02 13:46:16.066] [warning] Couldn't find file 'thoracic9_s.vtp'.
[2026-01-02 13:46:16.067] [warning] Couldn't find file 'thoracic8_s.vtp'.
[2026-01-02 13:46:16.067] [warning] Couldn't find file 'thoracic7_s.vtp'.
[2026-01-02 13:46:16.068] [warning] Couldn't find file 'thoracic6_s.vtp'.
[2026-01-02 13:46:16.068] [warning] Couldn't find file 'thoracic5_s.vtp'.
[2026-01-02 13:46:16.068] [warning] Couldn't find file 'thoracic4_s.vtp'.
[2026-01-02 13:46:16.069] [warning] Couldn't find file 'thoracic3_s.vtp'.
[2026-01-02 13:46:16.069] [warning] Couldn't find file 'thoracic2_s.vtp'.
[2026-01-02 13:46:16.070] [warning] Couldn't find file 'thoracic1_s.vtp'.
[2026-01-02 13:46:16.070] [warning] Couldn't find file 'hat_ribs_scap.vtp'.
[2026-01-02 13:46:16.071] [warning] Couldn't find file 'jaw.vtp'.
[2026-01-02 13:46:16.071] [warning] Couldn't find file 'skull.vtp'.
[2026-01-02 13:46:16.072] [warning] Couldn't find file 'humerus_rv.vtp'.
[2026-01-02 13:46:16.072] [warning] Couldn't find file 'ulna_rv.vtp'.
[2026-01-02 13:46:16.072] [warning] Couldn't find file 'radius_rv.vtp'.
[2026-01-02 13:46:16.073] [warning] Couldn't find file 'pisiform_rvs.vtp'.
[2026-01-02 13:46:16.073] [warning] Couldn't find file 'lunate_rvs.vtp'.
[2026-01-02 13:46:16.073] [warning] Couldn't find file 'scaphoid_rvs.vtp'.
[2026-01-02 13:46:16.074] [warning] Couldn't find file 'triquetrum_rvs.vtp'.
[2026-01-02 13:46:16.074] [warning] Couldn't find file 'hamate_rvs.vtp'.
[2026-01-02 13:46:16.075] [warning] Couldn't find file 'capitate_rvs.vtp'.
[2026-01-02 13:46:16.075] [warning] Couldn't find file 'trapezoid_rvs.vtp'.
[2026-01-02 13:46:16.075] [warning] Couldn't find file 'trapezium_rvs.vtp'.
[2026-01-02 13:46:16.076] [warning] Couldn't find file 'metacarpal2_rvs.vtp'.
[2026-01-02 13:46:16.076] [warning] Couldn't find file 'index_proximal_rvs.vtp'.
[2026-01-02 13:46:16.077] [warning] Couldn't find file 'index_medial_rvs.vtp'.
[2026-01-02 13:46:16.077] [warning] Couldn't find file 'index_distal_rvs.vtp'.
[2026-01-02 13:46:16.077] [warning] Couldn't find file 'metacarpal3_rvs.vtp'.
[2026-01-02 13:46:16.077] [warning] Couldn't find file 'middle_proximal_rvs.vtp'.
[2026-01-02 13:46:16.078] [warning] Couldn't find file 'middle_medial_rvs.vtp'.
[2026-01-02 13:46:16.078] [warning] Couldn't find file 'middle_distal_rvs.vtp'.
[2026-01-02 13:46:16.078] [warning] Couldn't find file 'metacarpal4_rvs.vtp'.
[2026-01-02 13:46:16.078] [warning] Couldn't find file 'ring_proximal_rvs.vtp'.
[2026-01-02 13:46:16.078] [warning] Couldn't find file 'ring_medial_rvs.vtp'.
[2026-01-02 13:46:16.079] [warning] Couldn't find file 'ring_distal_rvs.vtp'.
[2026-01-02 13:46:16.079] [warning] Couldn't find file 'metacarpal5_rvs.vtp'.
[2026-01-02 13:46:16.079] [warning] Couldn't find file 'little_proximal_rvs.vtp'.
[2026-01-02 13:46:16.079] [warning] Couldn't find file 'little_medial_rvs.vtp'.
[2026-01-02 13:46:16.079] [warning] Couldn't find file 'little_distal_rvs.vtp'.
[2026-01-02 13:46:16.080] [warning] Couldn't find file 'metacarpal1_rvs.vtp'.
[2026-01-02 13:46:16.080] [warning] Couldn't find file 'thumb_proximal_rvs.vtp'.
[2026-01-02 13:46:16.080] [warning] Couldn't find file 'thumb_distal_rvs.vtp'.
[2026-01-02 13:46:16.081] [warning] Couldn't find file 'humerus_lv.vtp'.
[2026-01-02 13:46:16.081] [warning] Couldn't find file 'ulna_lv.vtp'.
[2026-01-02 13:46:16.081] [warning] Couldn't find file 'radius_lv.vtp'.
[2026-01-02 13:46:16.081] [warning] Couldn't find file 'pisiform_lvs.vtp'.
[2026-01-02 13:46:16.082] [warning] Couldn't find file 'lunate_lvs.vtp'.
[2026-01-02 13:46:16.082] [warning] Couldn't find file 'scaphoid_lvs.vtp'.
[2026-01-02 13:46:16.082] [warning] Couldn't find file 'triquetrum_lvs.vtp'.
[2026-01-02 13:46:16.082] [warning] Couldn't find file 'hamate_lvs.vtp'.
[2026-01-02 13:46:16.082] [warning] Couldn't find file 'capitate_lvs.vtp'.
[2026-01-02 13:46:16.083] [warning] Couldn't find file 'trapezoid_lvs.vtp'.
[2026-01-02 13:46:16.083] [warning] Couldn't find file 'trapezium_lvs.vtp'.
[2026-01-02 13:46:16.083] [warning] Couldn't find file 'metacarpal2_lvs.vtp'.
[2026-01-02 13:46:16.083] [warning] Couldn't find file 'index_proximal_lvs.vtp'.
[2026-01-02 13:46:16.083] [warning] Couldn't find file 'index_medial_lvs.vtp'.
[2026-01-02 13:46:16.084] [warning] Couldn't find file 'index_distal_lvs.vtp'.
[2026-01-02 13:46:16.084] [warning] Couldn't find file 'metacarpal3_lvs.vtp'.
[2026-01-02 13:46:16.084] [warning] Couldn't find file 'middle_proximal_lvs.vtp'.
[2026-01-02 13:46:16.084] [warning] Couldn't find file 'middle_medial_lvs.vtp'.
[2026-01-02 13:46:16.084] [warning] Couldn't find file 'middle_distal_lvs.vtp'.
[2026-01-02 13:46:16.084] [warning] Couldn't find file 'metacarpal4_lvs.vtp'.
[2026-01-02 13:46:16.085] [warning] Couldn't find file 'ring_proximal_lvs.vtp'.
[2026-01-02 13:46:16.085] [warning] Couldn't find file 'ring_medial_lvs.vtp'.
[2026-01-02 13:46:16.085] [warning] Couldn't find file 'ring_distal_lvs.vtp'.
[2026-01-02 13:46:16.085] [warning] Couldn't find file 'metacarpal5_lvs.vtp'.
[2026-01-02 13:46:16.085] [warning] Couldn't find file 'little_proximal_lvs.vtp'.
[2026-01-02 13:46:16.085] [warning] Couldn't find file 'little_medial_lvs.vtp'.
[2026-01-02 13:46:16.086] [warning] Couldn't find file 'little_distal_lvs.vtp'.
[2026-01-02 13:46:16.086] [warning] Couldn't find file 'metacarpal1_lvs.vtp'.
[2026-01-02 13:46:16.086] [warning] Couldn't find file 'thumb_proximal_lvs.vtp'.
[2026-01-02 13:46:16.086] [warning] Couldn't find file 'thumb_distal_lvs.vtp'.
[2026-01-02 13:51:33.635] [info] Loaded model Pose2Sim_scaled from file C:\Users\BB1\Desktop\MStudio\tests\opensim_output\CMJ_zero.osim
[2026-01-02 13:51:33.637] [warning] Couldn't find file 'r_pelvis.vtp'.
[2026-01-02 13:51:33.638] [warning] Couldn't find file 'l_pelvis.vtp'.
[2026-01-02 13:51:33.638] [warning] Couldn't find file 'sacrum.vtp'.
[2026-01-02 13:51:33.638] [warning] Couldn't find file 'femur_r.vtp'.
[2026-01-02 13:51:33.639] [warning] Couldn't find file 'r_patella.vtp'.
[2026-01-02 13:51:33.639] [warning] Couldn't find file 'tibia_r.vtp'.
[2026-01-02 13:51:33.639] [warning] Couldn't find file 'fibula_r.vtp'.
[2026-01-02 13:51:33.639] [warning] Couldn't find file 'talus_rv.vtp'.
[2026-01-02 13:51:33.640] [warning] Couldn't find file 'foot.vtp'.
[2026-01-02 13:51:33.640] [warning] Couldn't find file 'bofoot.vtp'.
[2026-01-02 13:51:33.641] [warning] Couldn't find file 'femur_l.vtp'.
[2026-01-02 13:51:33.641] [warning] Couldn't find file 'l_patella.vtp'.
[2026-01-02 13:51:33.641] [warning] Couldn't find file 'tibia_l.vtp'.
[2026-01-02 13:51:33.642] [warning] Couldn't find file 'fibula_l.vtp'.
[2026-01-02 13:51:33.643] [warning] Couldn't find file 'talus_lv.vtp'.
[2026-01-02 13:51:33.643] [warning] Couldn't find file 'l_foot.vtp'.
[2026-01-02 13:51:33.644] [warning] Couldn't find file 'l_bofoot.vtp'.
[2026-01-02 13:51:33.644] [warning] Couldn't find file 'lumbar5.vtp'.
[2026-01-02 13:51:33.645] [warning] Couldn't find file 'lumbar4.vtp'.
[2026-01-02 13:51:33.645] [warning] Couldn't find file 'lumbar3.vtp'.
[2026-01-02 13:51:33.646] [warning] Couldn't find file 'lumbar2.vtp'.
[2026-01-02 13:51:33.646] [warning] Couldn't find file 'lumbar1.vtp'.
[2026-01-02 13:51:33.646] [warning] Couldn't find file 'cerv1sm.vtp'.
[2026-01-02 13:51:33.646] [warning] Couldn't find file 'cerv2sm.vtp'.
[2026-01-02 13:51:33.647] [warning] Couldn't find file 'cerv3sm.vtp'.
[2026-01-02 13:51:33.647] [warning] Couldn't find file 'cerv4sm.vtp'.
[2026-01-02 13:51:33.647] [warning] Couldn't find file 'cerv5sm.vtp'.
[2026-01-02 13:51:33.648] [warning] Couldn't find file 'cerv6sm.vtp'.
[2026-01-02 13:51:33.648] [warning] Couldn't find file 'cerv7.vtp'.
[2026-01-02 13:51:33.649] [warning] Couldn't find file 'thoracic12_s.vtp'.
[2026-01-02 13:51:33.649] [warning] Couldn't find file 'thoracic11_s.vtp'.
[2026-01-02 13:51:33.649] [warning] Couldn't find file 'thoracic10_s.vtp'.
[2026-01-02 13:51:33.650] [warning] Couldn't find file 'thoracic9_s.vtp'.
[2026-01-02 13:51:33.650] [warning] Couldn't find file 'thoracic8_s.vtp'.
[2026-01-02 13:51:33.650] [warning] Couldn't find file 'thoracic7_s.vtp'.
[2026-01-02 13:51:33.650] [warning] Couldn't find file 'thoracic6_s.vtp'.
[2026-01-02 13:51:33.650] [warning] Couldn't find file 'thoracic5_s.vtp'.
[2026-01-02 13:51:33.651] [warning] Couldn't find file 'thoracic4_s.vtp'.
[2026-01-02 13:51:33.651] [warning] Couldn't find file 'thoracic3_s.vtp'.
[2026-01-02 13:51:33.651] [warning] Couldn't find file 'thoracic2_s.vtp'.
[2026-01-02 13:51:33.651] [warning] Couldn't find file 'thoracic1_s.vtp'.
[2026-01-02 13:51:33.652] [warning] Couldn't find file 'hat_ribs_scap.vtp'.
[2026-01-02 13:51:33.652] [warning] Couldn't find file 'jaw.vtp'.
[2026-01-02 13:51:33.652] [warning] Couldn't find file 'skull.vtp'.
[2026-01-02 13:51:33.652] [warning] Couldn't find file 'humerus_rv.vtp'.
[2026-01-02 13:51:33.653] [warning] Couldn't find file 'ulna_rv.vtp'.
[2026-01-02 13:51:33.653] [warning] Couldn't find file 'radius_rv.vtp'.
[2026-01-02 13:51:33.653] [warning] Couldn't find file 'pisiform_rvs.vtp'.
[2026-01-02 13:51:33.653] [warning] Couldn't find file 'lunate_rvs.vtp'.
[2026-01-02 13:51:33.654] [warning] Couldn't find file 'scaphoid_rvs.vtp'.
[2026-01-02 13:51:33.654] [warning] Couldn't find file 'triquetrum_rvs.vtp'.
[2026-01-02 13:51:33.654] [warning] Couldn't find file 'hamate_rvs.vtp'.
[2026-01-02 13:51:33.654] [warning] Couldn't find file 'capitate_rvs.vtp'.
[2026-01-02 13:51:33.654] [warning] Couldn't find file 'trapezoid_rvs.vtp'.
[2026-01-02 13:51:33.655] [warning] Couldn't find file 'trapezium_rvs.vtp'.
[2026-01-02 13:51:33.655] [warning] Couldn't find file 'metacarpal2_rvs.vtp'.
[2026-01-02 13:51:33.655] [warning] Couldn't find file 'index_proximal_rvs.vtp'.
[2026-01-02 13:51:33.655] [warning] Couldn't find file 'index_medial_rvs.vtp'.
[2026-01-02 13:51:33.655] [warning] Couldn't find file 'index_distal_rvs.vtp'.
[2026-01-02 13:51:33.655] [warning] Couldn't find file 'metacarpal3_rvs.vtp'.
[2026-01-02 13:51:33.656] [warning] Couldn't find file 'middle_proximal_rvs.vtp'.
[2026-01-02 13:51:33.656] [warning] Couldn't find file 'middle_medial_rvs.vtp'.
[2026-01-02 13:51:33.656] [warning] Couldn't find file 'middle_distal_rvs.vtp'.
[2026-01-02 13:51:33.656] [warning] Couldn't find file 'metacarpal4_rvs.vtp'.
[2026-01-02 13:51:33.656] [warning] Couldn't find file 'ring_proximal_rvs.vtp'.
[2026-01-02 13:51:33.656] [warning] Couldn't find file 'ring_medial_rvs.vtp'.
[2026-01-02 13:51:33.656] [warning] Couldn't find file 'ring_distal_rvs.vtp'.
[2026-01-02 13:51:33.657] [warning] Couldn't find file 'metacarpal5_rvs.vtp'.
[2026-01-02 13:51:33.657] [warning] Couldn't find file 'little_proximal_rvs.vtp'.
[2026-01-02 13:51:33.657] [warning] Couldn't find file 'little_medial_rvs.vtp'.
[2026-01-02 13:51:33.657] [warning] Couldn't find file 'little_distal_rvs.vtp'.
[2026-01-02 13:51:33.657] [warning] Couldn't find file 'metacarpal1_rvs.vtp'.
[2026-01-02 13:51:33.657] [warning] Couldn't find file 'thumb_proximal_rvs.vtp'.
[2026-01-02 13:51:33.658] [warning] Couldn't find file 'thumb_distal_rvs.vtp'.
[2026-01-02 13:51:33.658] [warning] Couldn't find file 'humerus_lv.vtp'.
[2026-01-02 13:51:33.658] [warning] Couldn't find file 'ulna_lv.vtp'.
[2026-01-02 13:51:33.658] [warning] Couldn't find file 'radius_lv.vtp'.
[2026-01-02 13:51:33.658] [warning] Couldn't find file 'pisiform_lvs.vtp'.
[2026-01-02 13:51:33.658] [warning] Couldn't find file 'lunate_lvs.vtp'.
[2026-01-02 13:51:33.658] [warning] Couldn't find file 'scaphoid_lvs.vtp'.
[2026-01-02 13:51:33.659] [warning] Couldn't find file 'triquetrum_lvs.vtp'.
[2026-01-02 13:51:33.659] [warning] Couldn't find file 'hamate_lvs.vtp'.
[2026-01-02 13:51:33.659] [warning] Couldn't find file 'capitate_lvs.vtp'.
[2026-01-02 13:51:33.659] [warning] Couldn't find file 'trapezoid_lvs.vtp'.
[2026-01-02 13:51:33.659] [warning] Couldn't find file 'trapezium_lvs.vtp'.
[2026-01-02 13:51:33.659] [warning] Couldn't find file 'metacarpal2_lvs.vtp'.
[2026-01-02 13:51:33.659] [warning] Couldn't find file 'index_proximal_lvs.vtp'.
[2026-01-02 13:51:33.660] [warning] Couldn't find file 'index_medial_lvs.vtp'.
[2026-01-02 13:51:33.660] [warning] Couldn't find file 'index_distal_lvs.vtp'.
[2026-01-02 13:51:33.660] [warning] Couldn't find file 'metacarpal3_lvs.vtp'.
[2026-01-02 13:51:33.660] [warning] Couldn't find file 'middle_proximal_lvs.vtp'.
[2026-01-02 13:51:33.660] [warning] Couldn't find file 'middle_medial_lvs.vtp'.
[2026-01-02 13:51:33.660] [warning] Couldn't find file 'middle_distal_lvs.vtp'.
[2026-01-02 13:51:33.661] [warning] Couldn't find file 'metacarpal4_lvs.vtp'.
[2026-01-02 13:51:33.661] [warning] Couldn't find file 'ring_proximal_lvs.vtp'.
[2026-01-02 13:51:33.661] [warning] Couldn't find file 'ring_medial_lvs.vtp'.
[2026-01-02 13:51:33.661] [warning] Couldn't find file 'ring_distal_lvs.vtp'.
[2026-01-02 13:51:33.661] [warning] Couldn't find file 'metacarpal5_lvs.vtp'.
[2026-01-02 13:51:33.661] [warning] Couldn't find file 'little_proximal_lvs.vtp'.
[2026-01-02 13:51:33.661] [warning] Couldn't find file 'little_medial_lvs.vtp'.
[2026-01-02 13:51:33.661] [warning] Couldn't find file 'little_distal_lvs.vtp'.
[2026-01-02 13:51:33.662] [warning] Couldn't find file 'metacarpal1_lvs.vtp'.
[2026-01-02 13:51:33.662] [warning] Couldn't find file 'thumb_proximal_lvs.vtp'.
[2026-01-02 13:51:33.662] [warning] Couldn't find file 'thumb_distal_lvs.vtp'.
[2026-01-02 13:51:33.677] [cout] [info] 
               MODEL: Pose2Sim_scaled
         coordinates: 62
              forces: 330
           actuators: 318
             muscles: 318
            analyses: 0
              probes: 0
              bodies: 30
              joints: 30
         constraints: 20
             markers: 22
         controllers: 0
  contact geometries: 13
misc modelcomponents: 0
[2026-01-02 13:51:33.677] [info] Running tool .
[2026-01-02 13:51:34.085] [info] Frame 0 (t = 0.0):	 total squared error = 0.0235822, marker error: RMS = 0.0327402, max = 0.109149 (Head)
[2026-01-02 13:51:34.113] [info] Frame 1 (t = 0.016667):	 total squared error = 0.0234648, marker error: RMS = 0.0326585, max = 0.109009 (Head)
[2026-01-02 13:51:34.244] [info] Frame 2 (t = 0.033333):	 total squared error = 0.0233101, marker error: RMS = 0.0325507, max = 0.108508 (Head)
[2026-01-02 13:51:34.298] [info] Frame 3 (t = 0.05):	 total squared error = 0.0232578, marker error: RMS = 0.0325142, max = 0.108529 (Head)
[2026-01-02 13:51:34.320] [info] Frame 4 (t = 0.066667):	 total squared error = 0.0233246, marker error: RMS = 0.0325609, max = 0.108873 (Head)
[2026-01-02 13:51:34.384] [info] Frame 5 (t = 0.083333):	 total squared error = 0.0233301, marker error: RMS = 0.0325647, max = 0.108654 (Head)
[2026-01-02 13:51:34.407] [info] Frame 6 (t = 0.1):	 total squared error = 0.0233829, marker error: RMS = 0.0326015, max = 0.108853 (Head)
[2026-01-02 13:51:34.454] [info] Frame 7 (t = 0.116667):	 total squared error = 0.0233484, marker error: RMS = 0.0325775, max = 0.108475 (Head)
[2026-01-02 13:51:34.494] [info] Frame 8 (t = 0.133333):	 total squared error = 0.0232776, marker error: RMS = 0.032528, max = 0.108070 (Head)
[2026-01-02 13:51:34.518] [info] Frame 9 (t = 0.15):	 total squared error = 0.0231501, marker error: RMS = 0.0324388, max = 0.107441 (Head)
[2026-01-02 13:51:34.583] [info] Frame 10 (t = 0.166667):	 total squared error = 0.0229437, marker error: RMS = 0.0322939, max = 0.107030 (Head)
[2026-01-02 13:51:34.620] [info] Frame 11 (t = 0.183333):	 total squared error = 0.0227105, marker error: RMS = 0.0321294, max = 0.106429 (Head)
[2026-01-02 13:51:34.660] [info] Frame 12 (t = 0.2):	 total squared error = 0.0224405, marker error: RMS = 0.0319378, max = 0.105938 (Head)
[2026-01-02 13:51:34.712] [info] Frame 13 (t = 0.216667):	 total squared error = 0.0222078, marker error: RMS = 0.0317718, max = 0.105628 (Head)
[2026-01-02 13:51:34.739] [info] Frame 14 (t = 0.233333):	 total squared error = 0.021996, marker error: RMS = 0.0316199, max = 0.105534 (Head)
[2026-01-02 13:51:34.788] [info] Frame 15 (t = 0.25):	 total squared error = 0.0218148, marker error: RMS = 0.0314894, max = 0.105196 (Head)
[2026-01-02 13:51:34.840] [info] Frame 16 (t = 0.266667):	 total squared error = 0.0216783, marker error: RMS = 0.0313907, max = 0.104902 (Head)
[2026-01-02 13:51:34.912] [info] Frame 17 (t = 0.283333):	 total squared error = 0.0215696, marker error: RMS = 0.0313119, max = 0.104594 (Head)
[2026-01-02 13:51:34.932] [info] Frame 18 (t = 0.3):	 total squared error = 0.0215071, marker error: RMS = 0.0312665, max = 0.104478 (Head)
[2026-01-02 13:51:34.965] [info] Frame 19 (t = 0.316667):	 total squared error = 0.0214896, marker error: RMS = 0.0312538, max = 0.104196 (Head)
[2026-01-02 13:51:35.004] [info] Frame 20 (t = 0.333333):	 total squared error = 0.0215431, marker error: RMS = 0.0312927, max = 0.104065 (Head)
[2026-01-02 13:51:35.074] [info] Frame 21 (t = 0.35):	 total squared error = 0.0215792, marker error: RMS = 0.0313189, max = 0.104608 (Head)
[2026-01-02 13:51:35.196] [info] Frame 22 (t = 0.366667):	 total squared error = 0.0216184, marker error: RMS = 0.0313473, max = 0.103959 (Head)
[2026-01-02 13:51:35.250] [info] Frame 23 (t = 0.383333):	 total squared error = 0.0216704, marker error: RMS = 0.031385, max = 0.103729 (Head)
[2026-01-02 13:51:35.310] [info] Frame 24 (t = 0.4):	 total squared error = 0.0217466, marker error: RMS = 0.0314401, max = 0.104285 (Head)
[2026-01-02 13:51:35.377] [info] Frame 25 (t = 0.416667):	 total squared error = 0.0217841, marker error: RMS = 0.0314672, max = 0.104323 (Head)
[2026-01-02 13:51:35.422] [info] Frame 26 (t = 0.433333):	 total squared error = 0.021777, marker error: RMS = 0.0314621, max = 0.103701 (Head)
[2026-01-02 13:51:35.476] [info] Frame 27 (t = 0.45):	 total squared error = 0.0217235, marker error: RMS = 0.0314235, max = 0.103654 (Head)
[2026-01-02 13:51:35.515] [info] Frame 28 (t = 0.466667):	 total squared error = 0.021721, marker error: RMS = 0.0314216, max = 0.102507 (Head)
[2026-01-02 13:51:35.584] [info] Frame 29 (t = 0.483333):	 total squared error = 0.0216115, marker error: RMS = 0.0313423, max = 0.103532 (Head)
[2026-01-02 13:51:35.638] [info] Frame 30 (t = 0.5):	 total squared error = 0.0215816, marker error: RMS = 0.0313206, max = 0.103110 (Head)
[2026-01-02 13:51:35.702] [info] Frame 31 (t = 0.516667):	 total squared error = 0.0215778, marker error: RMS = 0.0313179, max = 0.103161 (Head)
[2026-01-02 13:51:35.765] [info] Frame 32 (t = 0.533333):	 total squared error = 0.0216105, marker error: RMS = 0.0313416, max = 0.102911 (Head)
[2026-01-02 13:51:35.808] [info] Frame 33 (t = 0.55):	 total squared error = 0.0216266, marker error: RMS = 0.0313533, max = 0.102389 (Head)
[2026-01-02 13:51:35.880] [info] Frame 34 (t = 0.566667):	 total squared error = 0.021673, marker error: RMS = 0.0313869, max = 0.103529 (Head)
[2026-01-02 13:51:35.943] [info] Frame 35 (t = 0.583333):	 total squared error = 0.0217311, marker error: RMS = 0.0314289, max = 0.103841 (Head)
[2026-01-02 13:51:35.994] [info] Frame 36 (t = 0.6):	 total squared error = 0.0218032, marker error: RMS = 0.031481, max = 0.103727 (Head)
[2026-01-02 13:51:36.034] [info] Frame 37 (t = 0.616667):	 total squared error = 0.0218458, marker error: RMS = 0.0315118, max = 0.104215 (Head)
[2026-01-02 13:51:36.102] [info] Frame 38 (t = 0.633333):	 total squared error = 0.0218779, marker error: RMS = 0.0315349, max = 0.105037 (Head)
[2026-01-02 13:51:36.175] [info] Frame 39 (t = 0.65):	 total squared error = 0.0218565, marker error: RMS = 0.0315195, max = 0.105155 (Head)
[2026-01-02 13:51:36.230] [info] Frame 40 (t = 0.666667):	 total squared error = 0.0218456, marker error: RMS = 0.0315116, max = 0.105737 (Head)
[2026-01-02 13:51:36.304] [info] Frame 41 (t = 0.683333):	 total squared error = 0.0218068, marker error: RMS = 0.0314836, max = 0.105443 (Head)
[2026-01-02 13:51:36.390] [info] Frame 42 (t = 0.7):	 total squared error = 0.0216897, marker error: RMS = 0.0313989, max = 0.106066 (Head)
[2026-01-02 13:51:36.444] [info] Frame 43 (t = 0.716667):	 total squared error = 0.0214264, marker error: RMS = 0.0312078, max = 0.106147 (Head)
[2026-01-02 13:51:36.518] [info] Frame 44 (t = 0.733333):	 total squared error = 0.0208994, marker error: RMS = 0.0308217, max = 0.105766 (Head)
[2026-01-02 13:51:36.577] [info] Frame 45 (t = 0.75):	 total squared error = 0.0199733, marker error: RMS = 0.0301310, max = 0.104529 (Head)
[2026-01-02 13:51:36.652] [info] Frame 46 (t = 0.766667):	 total squared error = 0.0185164, marker error: RMS = 0.0290113, max = 0.101723 (Head)
[2026-01-02 13:51:36.721] [info] Frame 47 (t = 0.783333):	 total squared error = 0.0165808, marker error: RMS = 0.0274531, max = 0.0974442 (Head)
[2026-01-02 13:51:36.801] [info] Frame 48 (t = 0.8):	 total squared error = 0.0143155, marker error: RMS = 0.0255089, max = 0.0909098 (Head)
[2026-01-02 13:51:36.885] [info] Frame 49 (t = 0.816667):	 total squared error = 0.0120725, marker error: RMS = 0.0234254, max = 0.0823916 (Head)
[2026-01-02 13:51:37.017] [info] Frame 50 (t = 0.833333):	 total squared error = 0.0102508, marker error: RMS = 0.0215858, max = 0.071929 (Head)
[2026-01-02 13:51:37.103] [info] Frame 51 (t = 0.85):	 total squared error = 0.00937227, marker error: RMS = 0.0206401, max = 0.0603168 (Head)
[2026-01-02 13:51:37.211] [info] Frame 52 (t = 0.866667):	 total squared error = 0.00983769, marker error: RMS = 0.0211463, max = 0.0481992 (Head)
[2026-01-02 13:51:37.317] [info] Frame 53 (t = 0.883333):	 total squared error = 0.0119207, marker error: RMS = 0.0232776, max = 0.0471693 (Neck)
[2026-01-02 13:51:37.462] [info] Frame 54 (t = 0.9):	 total squared error = 0.0156080, marker error: RMS = 0.0266356, max = 0.066193 (Neck)
[2026-01-02 13:51:37.555] [info] Frame 55 (t = 0.916667):	 total squared error = 0.0206388, marker error: RMS = 0.0306288, max = 0.0857653 (Neck)
[2026-01-02 13:51:37.849] [info] Frame 56 (t = 0.933333):	 total squared error = 0.0264278, marker error: RMS = 0.0346592, max = 0.104903 (Neck)
[2026-01-02 13:51:37.936] [info] Frame 57 (t = 0.95):	 total squared error = 0.0327787, marker error: RMS = 0.0385997, max = 0.122232 (Neck)
[2026-01-02 13:51:38.049] [info] Frame 58 (t = 0.966667):	 total squared error = 0.0400941, marker error: RMS = 0.0426903, max = 0.136739 (Neck)
[2026-01-02 13:51:38.160] [info] Frame 59 (t = 0.983333):	 total squared error = 0.0502263, marker error: RMS = 0.0477809, max = 0.149095 (Neck)
[2026-01-02 13:51:38.331] [info] Frame 60 (t = 1.0):	 total squared error = 0.0658959, marker error: RMS = 0.0547291, max = 0.160672 (Neck)
[2026-01-02 13:51:38.413] [info] Frame 61 (t = 1.01667):	 total squared error = 0.0887074, marker error: RMS = 0.0634993, max = 0.173119 (Neck)
[2026-01-02 13:51:38.470] [info] Frame 62 (t = 1.03333):	 total squared error = 0.117346, marker error: RMS = 0.0730338, max = 0.187174 (Neck)
[2026-01-02 13:51:38.528] [info] Frame 63 (t = 1.05):	 total squared error = 0.149505, marker error: RMS = 0.0824359, max = 0.219801 (Head)
[2026-01-02 13:51:38.602] [info] Frame 64 (t = 1.06667):	 total squared error = 0.183768, marker error: RMS = 0.0913954, max = 0.262382 (Head)
[2026-01-02 13:51:38.724] [info] Frame 65 (t = 1.08333):	 total squared error = 0.217282, marker error: RMS = 0.0993804, max = 0.302958 (Head)
[2026-01-02 13:51:38.794] [info] Frame 66 (t = 1.1):	 total squared error = 0.244545, marker error: RMS = 0.105431, max = 0.333509 (Head)
[2026-01-02 13:51:38.854] [info] Frame 67 (t = 1.11667):	 total squared error = 0.259986, marker error: RMS = 0.108709, max = 0.350033 (Head)
[2026-01-02 13:51:38.902] [info] Frame 68 (t = 1.13333):	 total squared error = 0.261428, marker error: RMS = 0.109010, max = 0.351393 (Head)
[2026-01-02 13:51:38.986] [info] Frame 69 (t = 1.15):	 total squared error = 0.249457, marker error: RMS = 0.106485, max = 0.340044 (Head)
[2026-01-02 13:51:39.071] [info] Frame 70 (t = 1.16667):	 total squared error = 0.226001, marker error: RMS = 0.101355, max = 0.318786 (Head)
[2026-01-02 13:51:39.156] [info] Frame 71 (t = 1.18333):	 total squared error = 0.194552, marker error: RMS = 0.0940387, max = 0.290080 (Head)
[2026-01-02 13:51:39.264] [info] Frame 72 (t = 1.2):	 total squared error = 0.15966, marker error: RMS = 0.0851895, max = 0.256195 (Head)
[2026-01-02 13:51:39.402] [info] Frame 73 (t = 1.21667):	 total squared error = 0.126098, marker error: RMS = 0.0757080, max = 0.219561 (Head)
[2026-01-02 13:51:39.475] [info] Frame 74 (t = 1.23333):	 total squared error = 0.0974123, marker error: RMS = 0.0665419, max = 0.183595 (Head)
[2026-01-02 13:51:39.558] [info] Frame 75 (t = 1.25):	 total squared error = 0.0753464, marker error: RMS = 0.0585221, max = 0.152789 (Head)
[2026-01-02 13:51:39.643] [info] Frame 76 (t = 1.26667):	 total squared error = 0.0596016, marker error: RMS = 0.0520496, max = 0.131477 (Head)
[2026-01-02 13:51:39.728] [info] Frame 77 (t = 1.28333):	 total squared error = 0.0486744, marker error: RMS = 0.0470369, max = 0.120837 (Head)
[2026-01-02 13:51:39.781] [info] Frame 78 (t = 1.3):	 total squared error = 0.0412322, marker error: RMS = 0.0432919, max = 0.117982 (Head)
[2026-01-02 13:51:39.887] [info] Frame 79 (t = 1.31667):	 total squared error = 0.0363663, marker error: RMS = 0.0406573, max = 0.121076 (Head)
[2026-01-02 13:51:39.973] [info] Frame 80 (t = 1.33333):	 total squared error = 0.0341907, marker error: RMS = 0.0394223, max = 0.124335 (Head)
[2026-01-02 13:51:40.049] [info] Frame 81 (t = 1.35):	 total squared error = 0.0339529, marker error: RMS = 0.039285, max = 0.126118 (Head)
[2026-01-02 13:51:40.100] [info] Frame 82 (t = 1.36667):	 total squared error = 0.034358, marker error: RMS = 0.0395187, max = 0.124583 (Head)
[2026-01-02 13:51:40.237] [info] Frame 83 (t = 1.38333):	 total squared error = 0.0340189, marker error: RMS = 0.0393232, max = 0.121175 (Head)
[2026-01-02 13:51:40.322] [info] Frame 84 (t = 1.4):	 total squared error = 0.0326152, marker error: RMS = 0.0385034, max = 0.115654 (Head)
[2026-01-02 13:51:40.499] [info] Frame 85 (t = 1.41667):	 total squared error = 0.0306513, marker error: RMS = 0.0373262, max = 0.11114 (Head)
[2026-01-02 13:51:40.645] [info] Frame 86 (t = 1.43333):	 total squared error = 0.0290124, marker error: RMS = 0.0363145, max = 0.108858 (Head)
[2026-01-02 13:51:40.723] [info] Frame 87 (t = 1.45):	 total squared error = 0.0282839, marker error: RMS = 0.0358557, max = 0.108011 (Head)
[2026-01-02 13:51:40.777] [info] Frame 88 (t = 1.46667):	 total squared error = 0.0282713, marker error: RMS = 0.0358477, max = 0.107904 (Head)
[2026-01-02 13:51:40.918] [info] Frame 89 (t = 1.48333):	 total squared error = 0.0281067, marker error: RMS = 0.0357432, max = 0.108382 (Head)
[2026-01-02 13:51:41.039] [info] Frame 90 (t = 1.5):	 total squared error = 0.0276898, marker error: RMS = 0.0354771, max = 0.104713 (Head)
[2026-01-02 13:51:41.159] [info] Frame 91 (t = 1.51667):	 total squared error = 0.0272712, marker error: RMS = 0.0352079, max = 0.100209 (Head)
[2026-01-02 13:51:41.246] [info] Frame 92 (t = 1.53333):	 total squared error = 0.0273502, marker error: RMS = 0.0352589, max = 0.0950895 (Head)
[2026-01-02 13:51:41.372] [info] Frame 93 (t = 1.55):	 total squared error = 0.0279016, marker error: RMS = 0.0356125, max = 0.0928152 (Nose)
[2026-01-02 13:51:41.514] [info] Frame 94 (t = 1.56667):	 total squared error = 0.0284151, marker error: RMS = 0.0359388, max = 0.0939604 (Nose)
[2026-01-02 13:51:41.668] [info] Frame 95 (t = 1.58333):	 total squared error = 0.028397, marker error: RMS = 0.0359273, max = 0.0955199 (Nose)
[2026-01-02 13:51:41.760] [info] Frame 96 (t = 1.6):	 total squared error = 0.0279382, marker error: RMS = 0.0356359, max = 0.0972298 (Nose)
[2026-01-02 13:51:41.813] [info] Frame 97 (t = 1.61667):	 total squared error = 0.0272443, marker error: RMS = 0.0351906, max = 0.0951391 (Nose)
[2026-01-02 13:51:41.872] [info] Frame 98 (t = 1.63333):	 total squared error = 0.0268786, marker error: RMS = 0.0349536, max = 0.0960094 (Nose)
[2026-01-02 13:51:41.969] [info] Frame 99 (t = 1.65):	 total squared error = 0.0271445, marker error: RMS = 0.0351261, max = 0.104091 (Nose)
[2026-01-02 13:51:42.020] [info] Frame 100 (t = 1.66667):	 total squared error = 0.028152, marker error: RMS = 0.035772, max = 0.101358 (Nose)
[2026-01-02 13:51:42.106] [info] Frame 101 (t = 1.68333):	 total squared error = 0.0291289, marker error: RMS = 0.0363874, max = 0.108323 (Nose)
[2026-01-02 13:51:42.156] [info] Frame 102 (t = 1.7):	 total squared error = 0.0299803, marker error: RMS = 0.0369153, max = 0.107608 (Nose)
[2026-01-02 13:51:42.207] [info] Frame 103 (t = 1.71667):	 total squared error = 0.0301409, marker error: RMS = 0.0370141, max = 0.107682 (Nose)
[2026-01-02 13:51:42.292] [info] Frame 104 (t = 1.73333):	 total squared error = 0.0295118, marker error: RMS = 0.0366257, max = 0.107840 (Nose)
[2026-01-02 13:51:42.372] [info] Frame 105 (t = 1.75):	 total squared error = 0.0286203, marker error: RMS = 0.0360683, max = 0.104608 (Nose)
[2026-01-02 13:51:42.465] [info] Frame 106 (t = 1.76667):	 total squared error = 0.0278087, marker error: RMS = 0.0355532, max = 0.100213 (Nose)
[2026-01-02 13:51:42.548] [info] Frame 107 (t = 1.78333):	 total squared error = 0.0275369, marker error: RMS = 0.0353791, max = 0.0958616 (Nose)
[2026-01-02 13:51:42.629] [info] Frame 108 (t = 1.8):	 total squared error = 0.0280590, marker error: RMS = 0.0357129, max = 0.0942699 (Nose)
[2026-01-02 13:51:42.710] [info] Frame 109 (t = 1.81667):	 total squared error = 0.0292833, marker error: RMS = 0.0364837, max = 0.0929942 (Nose)
[2026-01-02 13:51:42.791] [info] Frame 110 (t = 1.83333):	 total squared error = 0.0308565, marker error: RMS = 0.0374509, max = 0.0916538 (Nose)
[2026-01-02 13:51:42.897] [info] Frame 111 (t = 1.85):	 total squared error = 0.0323884, marker error: RMS = 0.0383692, max = 0.0910650 (Nose)
[2026-01-02 13:51:42.989] [info] Frame 112 (t = 1.86667):	 total squared error = 0.0334071, marker error: RMS = 0.038968, max = 0.0908602 (Nose)
[2026-01-02 13:51:43.054] [info] Frame 113 (t = 1.88333):	 total squared error = 0.0334878, marker error: RMS = 0.0390150, max = 0.0907132 (Head)
[2026-01-02 13:51:43.150] [info] Frame 114 (t = 1.9):	 total squared error = 0.0318941, marker error: RMS = 0.0380754, max = 0.0959566 (Head)
[2026-01-02 13:51:43.267] [info] Frame 115 (t = 1.91667):	 total squared error = 0.0285696, marker error: RMS = 0.0360363, max = 0.0963999 (Head)
[2026-01-02 13:51:43.357] [info] Frame 116 (t = 1.93333):	 total squared error = 0.0237811, marker error: RMS = 0.0328779, max = 0.092962 (Head)
[2026-01-02 13:51:43.440] [info] Frame 117 (t = 1.95):	 total squared error = 0.0186495, marker error: RMS = 0.0291154, max = 0.0860309 (Head)
[2026-01-02 13:51:43.516] [info] Frame 118 (t = 1.96667):	 total squared error = 0.0144017, marker error: RMS = 0.0255856, max = 0.0764553 (Head)
[2026-01-02 13:51:43.603] [info] Frame 119 (t = 1.98333):	 total squared error = 0.0117881, marker error: RMS = 0.0231479, max = 0.0650297 (Head)
[2026-01-02 13:51:43.797] [info] Frame 120 (t = 2.0):	 total squared error = 0.0107756, marker error: RMS = 0.0221314, max = 0.0546561 (Head)
[2026-01-02 13:51:43.885] [info] Frame 121 (t = 2.01667):	 total squared error = 0.0111858, marker error: RMS = 0.0225487, max = 0.0436836 (Head)
[2026-01-02 13:51:44.005] [info] Frame 122 (t = 2.03333):	 total squared error = 0.0130670, marker error: RMS = 0.0243712, max = 0.0449485 (RShoulder)
[2026-01-02 13:51:44.086] [info] Frame 123 (t = 2.05):	 total squared error = 0.0163914, marker error: RMS = 0.0272958, max = 0.0561994 (Neck)
[2026-01-02 13:51:44.231] [info] Frame 124 (t = 2.06667):	 total squared error = 0.0206856, marker error: RMS = 0.0306636, max = 0.0678959 (Neck)
[2026-01-02 13:51:44.338] [info] Frame 125 (t = 2.08333):	 total squared error = 0.0254782, marker error: RMS = 0.0340309, max = 0.0793299 (Neck)
[2026-01-02 13:51:44.465] [info] Frame 126 (t = 2.1):	 total squared error = 0.0302207, marker error: RMS = 0.0370630, max = 0.0886586 (Neck)
[2026-01-02 13:51:44.546] [info] Frame 127 (t = 2.11667):	 total squared error = 0.0341737, marker error: RMS = 0.0394125, max = 0.0950190 (Neck)
[2026-01-02 13:51:44.612] [info] Frame 128 (t = 2.13333):	 total squared error = 0.0370137, marker error: RMS = 0.0410176, max = 0.09921 (Neck)
[2026-01-02 13:51:44.732] [info] Frame 129 (t = 2.15):	 total squared error = 0.0398912, marker error: RMS = 0.0425821, max = 0.103531 (Neck)
[2026-01-02 13:51:44.928] [info] Frame 130 (t = 2.16667):	 total squared error = 0.0455359, marker error: RMS = 0.0454952, max = 0.111194 (Neck)
[2026-01-02 13:51:44.997] [info] Frame 131 (t = 2.18333):	 total squared error = 0.0572625, marker error: RMS = 0.0510181, max = 0.124395 (Neck)
[2026-01-02 13:51:45.051] [info] Frame 132 (t = 2.2):	 total squared error = 0.0776109, marker error: RMS = 0.059395, max = 0.142983 (Neck)
[2026-01-02 13:51:45.122] [info] Frame 133 (t = 2.21667):	 total squared error = 0.107425, marker error: RMS = 0.0698782, max = 0.187058 (Head)
[2026-01-02 13:51:45.211] [info] Frame 134 (t = 2.23333):	 total squared error = 0.143141, marker error: RMS = 0.0806623, max = 0.228719 (Head)
[2026-01-02 13:51:45.340] [info] Frame 135 (t = 2.25):	 total squared error = 0.176857, marker error: RMS = 0.0896601, max = 0.259382 (Head)
[2026-01-02 13:51:45.438] [info] Frame 136 (t = 2.26667):	 total squared error = 0.200242, marker error: RMS = 0.0954039, max = 0.274329 (Head)
[2026-01-02 13:51:45.536] [info] Frame 137 (t = 2.28333):	 total squared error = 0.207105, marker error: RMS = 0.0970250, max = 0.274615 (Head)
[2026-01-02 13:51:45.619] [info] Frame 138 (t = 2.3):	 total squared error = 0.195903, marker error: RMS = 0.0943646, max = 0.261846 (Head)
[2026-01-02 13:51:45.698] [info] Frame 139 (t = 2.31667):	 total squared error = 0.171533, marker error: RMS = 0.0883003, max = 0.238699 (Head)
[2026-01-02 13:51:45.796] [info] Frame 140 (t = 2.33333):	 total squared error = 0.142905, marker error: RMS = 0.0805958, max = 0.211146 (Head)
[2026-01-02 13:51:45.878] [info] Frame 141 (t = 2.35):	 total squared error = 0.117162, marker error: RMS = 0.0729764, max = 0.18534 (Head)
[2026-01-02 13:51:45.967] [info] Frame 142 (t = 2.36667):	 total squared error = 0.096788, marker error: RMS = 0.0663284, max = 0.164722 (Head)
[2026-01-02 13:51:46.036] [info] Frame 143 (t = 2.38333):	 total squared error = 0.0814332, marker error: RMS = 0.0608400, max = 0.147733 (Head)
[2026-01-02 13:51:46.084] [info] Frame 144 (t = 2.4):	 total squared error = 0.0699767, marker error: RMS = 0.0563982, max = 0.135348 (Head)
[2026-01-02 13:51:46.147] [info] Frame 145 (t = 2.41667):	 total squared error = 0.0609039, marker error: RMS = 0.0526152, max = 0.127163 (Head)
[2026-01-02 13:51:46.231] [info] Frame 146 (t = 2.43333):	 total squared error = 0.0532611, marker error: RMS = 0.0492033, max = 0.121925 (Head)
[2026-01-02 13:51:46.294] [info] Frame 147 (t = 2.45):	 total squared error = 0.0467665, marker error: RMS = 0.0461058, max = 0.116726 (Head)
[2026-01-02 13:51:46.482] [info] Frame 148 (t = 2.46667):	 total squared error = 0.0410089, marker error: RMS = 0.0431745, max = 0.113288 (Head)
[2026-01-02 13:51:46.559] [info] Frame 149 (t = 2.48333):	 total squared error = 0.036389, marker error: RMS = 0.0406700, max = 0.110456 (Head)
[2026-01-02 13:51:46.630] [info] Frame 150 (t = 2.5):	 total squared error = 0.0326967, marker error: RMS = 0.0385514, max = 0.108625 (Head)
[2026-01-02 13:51:46.695] [info] Frame 151 (t = 2.51667):	 total squared error = 0.0298489, marker error: RMS = 0.0368343, max = 0.107172 (Head)
[2026-01-02 13:51:46.762] [info] Frame 152 (t = 2.53333):	 total squared error = 0.0276007, marker error: RMS = 0.03542, max = 0.106108 (Head)
[2026-01-02 13:51:46.828] [info] Frame 153 (t = 2.55):	 total squared error = 0.0258185, marker error: RMS = 0.0342574, max = 0.105635 (Head)
[2026-01-02 13:51:47.013] [info] Frame 154 (t = 2.56667):	 total squared error = 0.0243374, marker error: RMS = 0.0332603, max = 0.105765 (Head)
[2026-01-02 13:51:47.093] [info] Frame 155 (t = 2.58333):	 total squared error = 0.0232009, marker error: RMS = 0.0324744, max = 0.105460 (Head)
[2026-01-02 13:51:47.158] [info] Frame 156 (t = 2.6):	 total squared error = 0.0223495, marker error: RMS = 0.031873, max = 0.105496 (Head)
[2026-01-02 13:51:47.260] [info] Frame 157 (t = 2.61667):	 total squared error = 0.0217764, marker error: RMS = 0.0314617, max = 0.104929 (Head)
[2026-01-02 13:51:47.320] [info] Frame 158 (t = 2.63333):	 total squared error = 0.0213573, marker error: RMS = 0.0311575, max = 0.104652 (Head)
[2026-01-02 13:51:47.415] [info] Frame 159 (t = 2.65):	 total squared error = 0.0209956, marker error: RMS = 0.0308925, max = 0.104012 (Head)
[2026-01-02 13:51:47.484] [info] Frame 160 (t = 2.66667):	 total squared error = 0.0207222, marker error: RMS = 0.0306907, max = 0.103562 (Head)
[2026-01-02 13:51:47.632] [info] Frame 161 (t = 2.68333):	 total squared error = 0.0205102, marker error: RMS = 0.0305333, max = 0.103455 (Head)
[2026-01-02 13:51:47.702] [info] Frame 162 (t = 2.7):	 total squared error = 0.0203790, marker error: RMS = 0.0304355, max = 0.103643 (Head)
[2026-01-02 13:51:47.770] [info] Frame 163 (t = 2.71667):	 total squared error = 0.0202449, marker error: RMS = 0.0303352, max = 0.103859 (Head)
[2026-01-02 13:51:47.845] [info] Frame 164 (t = 2.73333):	 total squared error = 0.0200387, marker error: RMS = 0.0301803, max = 0.103849 (Head)
[2026-01-02 13:51:47.942] [info] Frame 165 (t = 2.75):	 total squared error = 0.0197905, marker error: RMS = 0.0299928, max = 0.103915 (Head)
[2026-01-02 13:51:48.013] [info] Frame 166 (t = 2.76667):	 total squared error = 0.0195712, marker error: RMS = 0.0298262, max = 0.103437 (Head)
[2026-01-02 13:51:48.148] [info] Frame 167 (t = 2.78333):	 total squared error = 0.0193888, marker error: RMS = 0.0296868, max = 0.103440 (Head)
[2026-01-02 13:51:48.221] [info] Frame 168 (t = 2.8):	 total squared error = 0.0192924, marker error: RMS = 0.0296129, max = 0.103109 (Head)
[2026-01-02 13:51:48.306] [info] Frame 169 (t = 2.81667):	 total squared error = 0.0192368, marker error: RMS = 0.0295703, max = 0.103026 (Head)
[2026-01-02 13:51:48.361] [info] Frame 170 (t = 2.83333):	 total squared error = 0.0192634, marker error: RMS = 0.0295907, max = 0.102912 (Head)
[2026-01-02 13:51:48.415] [info] Frame 171 (t = 2.85):	 total squared error = 0.0193355, marker error: RMS = 0.029646, max = 0.103025 (Head)
[2026-01-02 13:51:48.491] [info] Frame 172 (t = 2.86667):	 total squared error = 0.0195132, marker error: RMS = 0.0297819, max = 0.103599 (Head)
[2026-01-02 13:51:48.551] [info] Frame 173 (t = 2.88333):	 total squared error = 0.0196866, marker error: RMS = 0.0299139, max = 0.103967 (Head)
[2026-01-02 13:51:48.622] [info] Frame 174 (t = 2.9):	 total squared error = 0.0198604, marker error: RMS = 0.0300457, max = 0.104215 (Head)
[2026-01-02 13:51:48.674] [info] Frame 175 (t = 2.91667):	 total squared error = 0.0199618, marker error: RMS = 0.0301223, max = 0.104331 (Head)
[2026-01-02 13:51:48.740] [info] Frame 176 (t = 2.93333):	 total squared error = 0.0199963, marker error: RMS = 0.0301483, max = 0.104316 (Head)
[2026-01-02 13:51:48.918] [info] Frame 177 (t = 2.95):	 total squared error = 0.0199853, marker error: RMS = 0.0301401, max = 0.104046 (Head)
[2026-01-02 13:51:48.931] [info] InverseKinematicsTool completed 178 frames in 15 second(s).
[2026-01-02 13:51:51.484] [info] Loaded model Pose2Sim_scaled from file C:\Users\BB1\Desktop\MStudio\tests\opensim_output\CMJ_zero.osim
[2026-01-02 13:51:51.486] [warning] Couldn't find file 'r_pelvis.vtp'.
[2026-01-02 13:51:51.487] [warning] Couldn't find file 'l_pelvis.vtp'.
[2026-01-02 13:51:51.487] [warning] Couldn't find file 'sacrum.vtp'.
[2026-01-02 13:51:51.487] [warning] Couldn't find file 'femur_r.vtp'.
[2026-01-02 13:51:51.488] [warning] Couldn't find file 'r_patella.vtp'.
[2026-01-02 13:51:51.488] [warning] Couldn't find file 'tibia_r.vtp'.
[2026-01-02 13:51:51.488] [warning] Couldn't find file 'fibula_r.vtp'.
[2026-01-02 13:51:51.489] [warning] Couldn't find file 'talus_rv.vtp'.
[2026-01-02 13:51:51.489] [warning] Couldn't find file 'foot.vtp'.
[2026-01-02 13:51:51.489] [warning] Couldn't find file 'bofoot.vtp'.
[2026-01-02 13:51:51.489] [warning] Couldn't find file 'femur_l.vtp'.
[2026-01-02 13:51:51.489] [warning] Couldn't find file 'l_patella.vtp'.
[2026-01-02 13:51:51.490] [warning] Couldn't find file 'tibia_l.vtp'.
[2026-01-02 13:51:51.490] [warning] Couldn't find file 'fibula_l.vtp'.
[2026-01-02 13:51:51.490] [warning] Couldn't find file 'talus_lv.vtp'.
[2026-01-02 13:51:51.490] [warning] Couldn't find file 'l_foot.vtp'.
[2026-01-02 13:51:51.490] [warning] Couldn't find file 'l_bofoot.vtp'.
[2026-01-02 13:51:51.490] [warning] Couldn't find file 'lumbar5.vtp'.
[2026-01-02 13:51:51.491] [warning] Couldn't find file 'lumbar4.vtp'.
[2026-01-02 13:51:51.491] [warning] Couldn't find file 'lumbar3.vtp'.
[2026-01-02 13:51:51.491] [warning] Couldn't find file 'lumbar2.vtp'.
[2026-01-02 13:51:51.491] [warning] Couldn't find file 'lumbar1.vtp'.
[2026-01-02 13:51:51.492] [warning] Couldn't find file 'cerv1sm.vtp'.
[2026-01-02 13:51:51.492] [warning] Couldn't find file 'cerv2sm.vtp'.
[2026-01-02 13:51:51.492] [warning] Couldn't find file 'cerv3sm.vtp'.
[2026-01-02 13:51:51.492] [warning] Couldn't find file 'cerv4sm.vtp'.
[2026-01-02 13:51:51.492] [warning] Couldn't find file 'cerv5sm.vtp'.
[2026-01-02 13:51:51.492] [warning] Couldn't find file 'cerv6sm.vtp'.
[2026-01-02 13:51:51.492] [warning] Couldn't find file 'cerv7.vtp'.
[2026-01-02 13:51:51.493] [warning] Couldn't find file 'thoracic12_s.vtp'.
[2026-01-02 13:51:51.493] [warning] Couldn't find file 'thoracic11_s.vtp'.
[2026-01-02 13:51:51.493] [warning] Couldn't find file 'thoracic10_s.vtp'.
[2026-01-02 13:51:51.493] [warning] Couldn't find file 'thoracic9_s.vtp'.
[2026-01-02 13:51:51.493] [warning] Couldn't find file 'thoracic8_s.vtp'.
[2026-01-02 13:51:51.493] [warning] Couldn't find file 'thoracic7_s.vtp'.
[2026-01-02 13:51:51.494] [warning] Couldn't find file 'thoracic6_s.vtp'.
[2026-01-02 13:51:51.494] [warning] Couldn't find file 'thoracic5_s.vtp'.
[2026-01-02 13:51:51.494] [warning] Couldn't find file 'thoracic4_s.vtp'.
[2026-01-02 13:51:51.494] [warning] Couldn't find file 'thoracic3_s.vtp'.
[2026-01-02 13:51:51.495] [warning] Couldn't find file 'thoracic2_s.vtp'.
[2026-01-02 13:51:51.495] [warning] Couldn't find file 'thoracic1_s.vtp'.
[2026-01-02 13:51:51.495] [warning] Couldn't find file 'hat_ribs_scap.vtp'.
[2026-01-02 13:51:51.495] [warning] Couldn't find file 'jaw.vtp'.
[2026-01-02 13:51:51.495] [warning] Couldn't find file 'skull.vtp'.
[2026-01-02 13:51:51.495] [warning] Couldn't find file 'humerus_rv.vtp'.
[2026-01-02 13:51:51.496] [warning] Couldn't find file 'ulna_rv.vtp'.
[2026-01-02 13:51:51.496] [warning] Couldn't find file 'radius_rv.vtp'.
[2026-01-02 13:51:51.496] [warning] Couldn't find file 'pisiform_rvs.vtp'.
[2026-01-02 13:51:51.496] [warning] Couldn't find file 'lunate_rvs.vtp'.
[2026-01-02 13:51:51.496] [warning] Couldn't find file 'scaphoid_rvs.vtp'.
[2026-01-02 13:51:51.497] [warning] Couldn't find file 'triquetrum_rvs.vtp'.
[2026-01-02 13:51:51.497] [warning] Couldn't find file 'hamate_rvs.vtp'.
[2026-01-02 13:51:51.497] [warning] Couldn't find file 'capitate_rvs.vtp'.
[2026-01-02 13:51:51.497] [warning] Couldn't find file 'trapezoid_rvs.vtp'.
[2026-01-02 13:51:51.497] [warning] Couldn't find file 'trapezium_rvs.vtp'.
[2026-01-02 13:51:51.497] [warning] Couldn't find file 'metacarpal2_rvs.vtp'.
[2026-01-02 13:51:51.497] [warning] Couldn't find file 'index_proximal_rvs.vtp'.
[2026-01-02 13:51:51.498] [warning] Couldn't find file 'index_medial_rvs.vtp'.
[2026-01-02 13:51:51.498] [warning] Couldn't find file 'index_distal_rvs.vtp'.
[2026-01-02 13:51:51.498] [warning] Couldn't find file 'metacarpal3_rvs.vtp'.
[2026-01-02 13:51:51.498] [warning] Couldn't find file 'middle_proximal_rvs.vtp'.
[2026-01-02 13:51:51.498] [warning] Couldn't find file 'middle_medial_rvs.vtp'.
[2026-01-02 13:51:51.498] [warning] Couldn't find file 'middle_distal_rvs.vtp'.
[2026-01-02 13:51:51.499] [warning] Couldn't find file 'metacarpal4_rvs.vtp'.
[2026-01-02 13:51:51.499] [warning] Couldn't find file 'ring_proximal_rvs.vtp'.
[2026-01-02 13:51:51.499] [warning] Couldn't find file 'ring_medial_rvs.vtp'.
[2026-01-02 13:51:51.499] [warning] Couldn't find file 'ring_distal_rvs.vtp'.
[2026-01-02 13:51:51.499] [warning] Couldn't find file 'metacarpal5_rvs.vtp'.
[2026-01-02 13:51:51.499] [warning] Couldn't find file 'little_proximal_rvs.vtp'.
[2026-01-02 13:51:51.499] [warning] Couldn't find file 'little_medial_rvs.vtp'.
[2026-01-02 13:51:51.499] [warning] Couldn't find file 'little_distal_rvs.vtp'.
[2026-01-02 13:51:51.500] [warning] Couldn't find file 'metacarpal1_rvs.vtp'.
[2026-01-02 13:51:51.500] [warning] Couldn't find file 'thumb_proximal_rvs.vtp'.
[2026-01-02 13:51:51.500] [warning] Couldn't find file 'thumb_distal_rvs.vtp'.
[2026-01-02 13:51:51.500] [warning] Couldn't find file 'humerus_lv.vtp'.
[2026-01-02 13:51:51.500] [warning] Couldn't find file 'ulna_lv.vtp'.
[2026-01-02 13:51:51.500] [warning] Couldn't find file 'radius_lv.vtp'.
[2026-01-02 13:51:51.501] [warning] Couldn't find file 'pisiform_lvs.vtp'.
[2026-01-02 13:51:51.501] [warning] Couldn't find file 'lunate_lvs.vtp'.
[2026-01-02 13:51:51.501] [warning] Couldn't find file 'scaphoid_lvs.vtp'.
[2026-01-02 13:51:51.501] [warning] Couldn't find file 'triquetrum_lvs.vtp'.
[2026-01-02 13:51:51.501] [warning] Couldn't find file 'hamate_lvs.vtp'.
[2026-01-02 13:51:51.502] [warning] Couldn't find file 'capitate_lvs.vtp'.
[2026-01-02 13:51:51.502] [warning] Couldn't find file 'trapezoid_lvs.vtp'.
[2026-01-02 13:51:51.502] [warning] Couldn't find file 'trapezium_lvs.vtp'.
[2026-01-02 13:51:51.502] [warning] Couldn't find file 'metacarpal2_lvs.vtp'.
[2026-01-02 13:51:51.502] [warning] Couldn't find file 'index_proximal_lvs.vtp'.
[2026-01-02 13:51:51.503] [warning] Couldn't find file 'index_medial_lvs.vtp'.
[2026-01-02 13:51:51.503] [warning] Couldn't find file 'index_distal_lvs.vtp'.
[2026-01-02 13:51:51.503] [warning] Couldn't find file 'metacarpal3_lvs.vtp'.
[2026-01-02 13:51:51.504] [warning] Couldn't find file 'middle_proximal_lvs.vtp'.
[2026-01-02 13:51:51.504] [warning] Couldn't find file 'middle_medial_lvs.vtp'.
[2026-01-02 13:51:51.504] [warning] Couldn't find file 'middle_distal_lvs.vtp'.
[2026-01-02 13:51:51.504] [warning] Couldn't find file 'metacarpal4_lvs.vtp'.
[2026-01-02 13:51:51.504] [warning] Couldn't find file 'ring_proximal_lvs.vtp'.
[2026-01-02 13:51:51.504] [warning] Couldn't find file 'ring_medial_lvs.vtp'.
[2026-01-02 13:51:51.505] [warning] Couldn't find file 'ring_distal_lvs.vtp'.
[2026-01-02 13:51:51.505] [warning] Couldn't find file 'metacarpal5_lvs.vtp'.
[2026-01-02 13:51:51.505] [warning] Couldn't find file 'little_proximal_lvs.vtp'.
[2026-01-02 13:51:51.505] [warning] Couldn't find file 'little_medial_lvs.vtp'.
[2026-01-02 13:51:51.505] [warning] Couldn't find file 'little_distal_lvs.vtp'.
[2026-01-02 13:51:51.505] [warning] Couldn't find file 'metacarpal1_lvs.vtp'.
[2026-01-02 13:51:51.506] [warning] Couldn't find file 'thumb_proximal_lvs.vtp'.
[2026-01-02 13:51:51.506] [warning] Couldn't find file 'thumb_distal_lvs.vtp'.
[2026-01-02 14:02:22.788] [info] Loaded model Pose2Sim_scaled from file C:\Users\BB1\Desktop\MStudio\tests\opensim_output\CMJ_zero.osim
[2026-01-02 14:02:22.790] [warning] Couldn't find file 'r_pelvis.vtp'.
[2026-01-02 14:02:22.791] [warning] Couldn't find file 'l_pelvis.vtp'.
[2026-01-02 14:02:22.791] [warning] Couldn't find file 'sacrum.vtp'.
[2026-01-02 14:02:22.791] [warning] Couldn't find file 'femur_r.vtp'.
[2026-01-02 14:02:22.791] [warning] Couldn't find file 'r_patella.vtp'.
[2026-01-02 14:02:22.792] [warning] Couldn't find file 'tibia_r.vtp'.
[2026-01-02 14:02:22.792] [warning] Couldn't find file 'fibula_r.vtp'.
[2026-01-02 14:02:22.792] [warning] Couldn't find file 'talus_rv.vtp'.
[2026-01-02 14:02:22.792] [warning] Couldn't find file 'foot.vtp'.
[2026-01-02 14:02:22.792] [warning] Couldn't find file 'bofoot.vtp'.
[2026-01-02 14:02:22.792] [warning] Couldn't find file 'femur_l.vtp'.
[2026-01-02 14:02:22.792] [warning] Couldn't find file 'l_patella.vtp'.
[2026-01-02 14:02:22.793] [warning] Couldn't find file 'tibia_l.vtp'.
[2026-01-02 14:02:22.793] [warning] Couldn't find file 'fibula_l.vtp'.
[2026-01-02 14:02:22.793] [warning] Couldn't find file 'talus_lv.vtp'.
[2026-01-02 14:02:22.794] [warning] Couldn't find file 'l_foot.vtp'.
[2026-01-02 14:02:22.794] [warning] Couldn't find file 'l_bofoot.vtp'.
[2026-01-02 14:02:22.794] [warning] Couldn't find file 'lumbar5.vtp'.
[2026-01-02 14:02:22.795] [warning] Couldn't find file 'lumbar4.vtp'.
[2026-01-02 14:02:22.795] [warning] Couldn't find file 'lumbar3.vtp'.
[2026-01-02 14:02:22.795] [warning] Couldn't find file 'lumbar2.vtp'.
[2026-01-02 14:02:22.796] [warning] Couldn't find file 'lumbar1.vtp'.
[2026-01-02 14:02:22.796] [warning] Couldn't find file 'cerv1sm.vtp'.
[2026-01-02 14:02:22.796] [warning] Couldn't find file 'cerv2sm.vtp'.
[2026-01-02 14:02:22.796] [warning] Couldn't find file 'cerv3sm.vtp'.
[2026-01-02 14:02:22.797] [warning] Couldn't find file 'cerv4sm.vtp'.
[2026-01-02 14:02:22.797] [warning] Couldn't find file 'cerv5sm.vtp'.
[2026-01-02 14:02:22.797] [warning] Couldn't find file 'cerv6sm.vtp'.
[2026-01-02 14:02:22.797] [warning] Couldn't find file 'cerv7.vtp'.
[2026-01-02 14:02:22.798] [warning] Couldn't find file 'thoracic12_s.vtp'.
[2026-01-02 14:02:22.798] [warning] Couldn't find file 'thoracic11_s.vtp'.
[2026-01-02 14:02:22.798] [warning] Couldn't find file 'thoracic10_s.vtp'.
[2026-01-02 14:02:22.798] [warning] Couldn't find file 'thoracic9_s.vtp'.
[2026-01-02 14:02:22.799] [warning] Couldn't find file 'thoracic8_s.vtp'.
[2026-01-02 14:02:22.799] [warning] Couldn't find file 'thoracic7_s.vtp'.
[2026-01-02 14:02:22.799] [warning] Couldn't find file 'thoracic6_s.vtp'.
[2026-01-02 14:02:22.799] [warning] Couldn't find file 'thoracic5_s.vtp'.
[2026-01-02 14:02:22.800] [warning] Couldn't find file 'thoracic4_s.vtp'.
[2026-01-02 14:02:22.800] [warning] Couldn't find file 'thoracic3_s.vtp'.
[2026-01-02 14:02:22.800] [warning] Couldn't find file 'thoracic2_s.vtp'.
[2026-01-02 14:02:22.800] [warning] Couldn't find file 'thoracic1_s.vtp'.
[2026-01-02 14:02:22.800] [warning] Couldn't find file 'hat_ribs_scap.vtp'.
[2026-01-02 14:02:22.801] [warning] Couldn't find file 'jaw.vtp'.
[2026-01-02 14:02:22.801] [warning] Couldn't find file 'skull.vtp'.
[2026-01-02 14:02:22.801] [warning] Couldn't find file 'humerus_rv.vtp'.
[2026-01-02 14:02:22.801] [warning] Couldn't find file 'ulna_rv.vtp'.
[2026-01-02 14:02:22.801] [warning] Couldn't find file 'radius_rv.vtp'.
[2026-01-02 14:02:22.801] [warning] Couldn't find file 'pisiform_rvs.vtp'.
[2026-01-02 14:02:22.802] [warning] Couldn't find file 'lunate_rvs.vtp'.
[2026-01-02 14:02:22.802] [warning] Couldn't find file 'scaphoid_rvs.vtp'.
[2026-01-02 14:02:22.802] [warning] Couldn't find file 'triquetrum_rvs.vtp'.
[2026-01-02 14:02:22.804] [warning] Couldn't find file 'hamate_rvs.vtp'.
[2026-01-02 14:02:22.804] [warning] Couldn't find file 'capitate_rvs.vtp'.
[2026-01-02 14:02:22.804] [warning] Couldn't find file 'trapezoid_rvs.vtp'.
[2026-01-02 14:02:22.804] [warning] Couldn't find file 'trapezium_rvs.vtp'.
[2026-01-02 14:02:22.804] [warning] Couldn't find file 'metacarpal2_rvs.vtp'.
[2026-01-02 14:02:22.805] [warning] Couldn't find file 'index_proximal_rvs.vtp'.
[2026-01-02 14:02:22.805] [warning] Couldn't find file 'index_medial_rvs.vtp'.
[2026-01-02 14:02:22.805] [warning] Couldn't find file 'index_distal_rvs.vtp'.
[2026-01-02 14:02:22.805] [warning] Couldn't find file 'metacarpal3_rvs.vtp'.
[2026-01-02 14:02:22.805] [warning] Couldn't find file 'middle_proximal_rvs.vtp'.
[2026-01-02 14:02:22.805] [warning] Couldn't find file 'middle_medial_rvs.vtp'.
[2026-01-02 14:02:22.805] [warning] Couldn't find file 'middle_distal_rvs.vtp'.
[2026-01-02 14:02:22.806] [warning] Couldn't find file 'metacarpal4_rvs.vtp'.
[2026-01-02 14:02:22.806] [warning] Couldn't find file 'ring_proximal_rvs.vtp'.
[2026-01-02 14:02:22.806] [warning] Couldn't find file 'ring_medial_rvs.vtp'.
[2026-01-02 14:02:22.806] [warning] Couldn't find file 'ring_distal_rvs.vtp'.
[2026-01-02 14:02:22.806] [warning] Couldn't find file 'metacarpal5_rvs.vtp'.
[2026-01-02 14:02:22.806] [warning] Couldn't find file 'little_proximal_rvs.vtp'.
[2026-01-02 14:02:22.806] [warning] Couldn't find file 'little_medial_rvs.vtp'.
[2026-01-02 14:02:22.806] [warning] Couldn't find file 'little_distal_rvs.vtp'.
[2026-01-02 14:02:22.807] [warning] Couldn't find file 'metacarpal1_rvs.vtp'.
[2026-01-02 14:02:22.807] [warning] Couldn't find file 'thumb_proximal_rvs.vtp'.
[2026-01-02 14:02:22.807] [warning] Couldn't find file 'thumb_distal_rvs.vtp'.
[2026-01-02 14:02:22.807] [warning] Couldn't find file 'humerus_lv.vtp'.
[2026-01-02 14:02:22.807] [warning] Couldn't find file 'ulna_lv.vtp'.
[2026-01-02 14:02:22.807] [warning] Couldn't find file 'radius_lv.vtp'.
[2026-01-02 14:02:22.807] [warning] Couldn't find file 'pisiform_lvs.vtp'.
[2026-01-02 14:02:22.808] [warning] Couldn't find file 'lunate_lvs.vtp'.
[2026-01-02 14:02:22.808] [warning] Couldn't find file 'scaphoid_lvs.vtp'.
[2026-01-02 14:02:22.808] [warning] Couldn't find file 'triquetrum_lvs.vtp'.
[2026-01-02 14:02:22.809] [warning] Couldn't find file 'hamate_lvs.vtp'.
[2026-01-02 14:02:22.809] [warning] Couldn't find file 'capitate_lvs.vtp'.
[2026-01-02 14:02:22.809] [warning] Couldn't find file 'trapezoid_lvs.vtp'.
[2026-01-02 14:02:22.809] [warning] Couldn't find file 'trapezium_lvs.vtp'.
[2026-01-02 14:02:22.810] [warning] Couldn't find file 'metacarpal2_lvs.vtp'.
[2026-01-02 14:02:22.810] [warning] Couldn't find file 'index_proximal_lvs.vtp'.
[2026-01-02 14:02:22.810] [warning] Couldn't find file 'index_medial_lvs.vtp'.
[2026-01-02 14:02:22.810] [warning] Couldn't find file 'index_distal_lvs.vtp'.
[2026-01-02 14:02:22.811] [warning] Couldn't find file 'metacarpal3_lvs.vtp'.
[2026-01-02 14:02:22.811] [warning] Couldn't find file 'middle_proximal_lvs.vtp'.
[2026-01-02 14:02:22.811] [warning] Couldn't find file 'middle_medial_lvs.vtp'.
[2026-01-02 14:02:22.811] [warning] Couldn't find file 'middle_distal_lvs.vtp'.
[2026-01-02 14:02:22.812] [warning] Couldn't find file 'metacarpal4_lvs.vtp'.
[2026-01-02 14:02:22.812] [warning] Couldn't find file 'ring_proximal_lvs.vtp'.
[2026-01-02 14:02:22.812] [warning] Couldn't find file 'ring_medial_lvs.vtp'.
[2026-01-02 14:02:22.812] [warning] Couldn't find file 'ring_distal_lvs.vtp'.
[2026-01-02 14:02:22.812] [warning] Couldn't find file 'metacarpal5_lvs.vtp'.
[2026-01-02 14:02:22.813] [warning] Couldn't find file 'little_proximal_lvs.vtp'.
[2026-01-02 14:02:22.813] [warning] Couldn't find file 'little_medial_lvs.vtp'.
[2026-01-02 14:02:22.813] [warning] Couldn't find file 'little_distal_lvs.vtp'.
[2026-01-02 14:02:22.813] [warning] Couldn't find file 'metacarpal1_lvs.vtp'.
[2026-01-02 14:02:22.814] [warning] Couldn't find file 'thumb_proximal_lvs.vtp'.
[2026-01-02 14:02:22.814] [warning] Couldn't find file 'thumb_distal_lvs.vtp'.
[2026-01-02 14:02:22.829] [cout] [info] 
               MODEL: Pose2Sim_scaled
         coordinates: 62
              forces: 330
           actuators: 318
             muscles: 318
            analyses: 0
              probes: 0
              bodies: 30
              joints: 30
         constraints: 20
             markers: 22
         controllers: 0
  contact geometries: 13
misc modelcomponents: 0
[2026-01-02 14:02:22.829] [info] Running tool .
[2026-01-02 14:02:23.217] [info] Frame 0 (t = 0.0):	 total squared error = 0.0235822, marker error: RMS = 0.0327402, max = 0.109149 (Head)
[2026-01-02 14:02:23.246] [info] Frame 1 (t = 0.016667):	 total squared error = 0.0234648, marker error: RMS = 0.0326585, max = 0.109009 (Head)
[2026-01-02 14:02:23.370] [info] Frame 2 (t = 0.033333):	 total squared error = 0.0233101, marker error: RMS = 0.0325507, max = 0.108508 (Head)
[2026-01-02 14:02:23.423] [info] Frame 3 (t = 0.05):	 total squared error = 0.0232578, marker error: RMS = 0.0325142, max = 0.108529 (Head)
[2026-01-02 14:02:23.445] [info] Frame 4 (t = 0.066667):	 total squared error = 0.0233246, marker error: RMS = 0.0325609, max = 0.108873 (Head)
[2026-01-02 14:02:23.504] [info] Frame 5 (t = 0.083333):	 total squared error = 0.0233301, marker error: RMS = 0.0325647, max = 0.108654 (Head)
[2026-01-02 14:02:23.537] [info] Frame 6 (t = 0.1):	 total squared error = 0.0233829, marker error: RMS = 0.0326015, max = 0.108853 (Head)
[2026-01-02 14:02:23.586] [info] Frame 7 (t = 0.116667):	 total squared error = 0.0233484, marker error: RMS = 0.0325775, max = 0.108475 (Head)
[2026-01-02 14:02:23.628] [info] Frame 8 (t = 0.133333):	 total squared error = 0.0232776, marker error: RMS = 0.032528, max = 0.108070 (Head)
[2026-01-02 14:02:23.651] [info] Frame 9 (t = 0.15):	 total squared error = 0.0231501, marker error: RMS = 0.0324388, max = 0.107441 (Head)
[2026-01-02 14:02:23.714] [info] Frame 10 (t = 0.166667):	 total squared error = 0.0229437, marker error: RMS = 0.0322939, max = 0.107030 (Head)
[2026-01-02 14:02:23.753] [info] Frame 11 (t = 0.183333):	 total squared error = 0.0227105, marker error: RMS = 0.0321294, max = 0.106429 (Head)
[2026-01-02 14:02:23.793] [info] Frame 12 (t = 0.2):	 total squared error = 0.0224405, marker error: RMS = 0.0319378, max = 0.105938 (Head)
[2026-01-02 14:02:23.842] [info] Frame 13 (t = 0.216667):	 total squared error = 0.0222078, marker error: RMS = 0.0317718, max = 0.105628 (Head)
[2026-01-02 14:02:23.867] [info] Frame 14 (t = 0.233333):	 total squared error = 0.021996, marker error: RMS = 0.0316199, max = 0.105534 (Head)
[2026-01-02 14:02:23.916] [info] Frame 15 (t = 0.25):	 total squared error = 0.0218148, marker error: RMS = 0.0314894, max = 0.105196 (Head)
[2026-01-02 14:02:23.968] [info] Frame 16 (t = 0.266667):	 total squared error = 0.0216783, marker error: RMS = 0.0313907, max = 0.104902 (Head)
[2026-01-02 14:02:24.034] [info] Frame 17 (t = 0.283333):	 total squared error = 0.0215696, marker error: RMS = 0.0313119, max = 0.104594 (Head)
[2026-01-02 14:02:24.063] [info] Frame 18 (t = 0.3):	 total squared error = 0.0215071, marker error: RMS = 0.0312665, max = 0.104478 (Head)
[2026-01-02 14:02:24.094] [info] Frame 19 (t = 0.316667):	 total squared error = 0.0214896, marker error: RMS = 0.0312538, max = 0.104196 (Head)
[2026-01-02 14:02:24.136] [info] Frame 20 (t = 0.333333):	 total squared error = 0.0215431, marker error: RMS = 0.0312927, max = 0.104065 (Head)
[2026-01-02 14:02:24.205] [info] Frame 21 (t = 0.35):	 total squared error = 0.0215792, marker error: RMS = 0.0313189, max = 0.104608 (Head)
[2026-01-02 14:02:24.314] [info] Frame 22 (t = 0.366667):	 total squared error = 0.0216184, marker error: RMS = 0.0313473, max = 0.103959 (Head)
[2026-01-02 14:02:24.366] [info] Frame 23 (t = 0.383333):	 total squared error = 0.0216704, marker error: RMS = 0.031385, max = 0.103729 (Head)
[2026-01-02 14:02:24.425] [info] Frame 24 (t = 0.4):	 total squared error = 0.0217466, marker error: RMS = 0.0314401, max = 0.104285 (Head)
[2026-01-02 14:02:24.491] [info] Frame 25 (t = 0.416667):	 total squared error = 0.0217841, marker error: RMS = 0.0314672, max = 0.104323 (Head)
[2026-01-02 14:02:24.539] [info] Frame 26 (t = 0.433333):	 total squared error = 0.021777, marker error: RMS = 0.0314621, max = 0.103701 (Head)
[2026-01-02 14:02:24.602] [info] Frame 27 (t = 0.45):	 total squared error = 0.0217235, marker error: RMS = 0.0314235, max = 0.103654 (Head)
[2026-01-02 14:02:24.643] [info] Frame 28 (t = 0.466667):	 total squared error = 0.021721, marker error: RMS = 0.0314216, max = 0.102507 (Head)
[2026-01-02 14:02:24.709] [info] Frame 29 (t = 0.483333):	 total squared error = 0.0216115, marker error: RMS = 0.0313423, max = 0.103532 (Head)
[2026-01-02 14:02:24.756] [info] Frame 30 (t = 0.5):	 total squared error = 0.0215816, marker error: RMS = 0.0313206, max = 0.103110 (Head)
[2026-01-02 14:02:24.818] [info] Frame 31 (t = 0.516667):	 total squared error = 0.0215778, marker error: RMS = 0.0313179, max = 0.103161 (Head)
[2026-01-02 14:02:24.877] [info] Frame 32 (t = 0.533333):	 total squared error = 0.0216105, marker error: RMS = 0.0313416, max = 0.102911 (Head)
[2026-01-02 14:02:24.922] [info] Frame 33 (t = 0.55):	 total squared error = 0.0216266, marker error: RMS = 0.0313533, max = 0.102389 (Head)
[2026-01-02 14:02:25.004] [info] Frame 34 (t = 0.566667):	 total squared error = 0.021673, marker error: RMS = 0.0313869, max = 0.103529 (Head)
[2026-01-02 14:02:25.073] [info] Frame 35 (t = 0.583333):	 total squared error = 0.0217311, marker error: RMS = 0.0314289, max = 0.103841 (Head)
[2026-01-02 14:02:25.122] [info] Frame 36 (t = 0.6):	 total squared error = 0.0218032, marker error: RMS = 0.031481, max = 0.103727 (Head)
[2026-01-02 14:02:25.170] [info] Frame 37 (t = 0.616667):	 total squared error = 0.0218458, marker error: RMS = 0.0315118, max = 0.104215 (Head)
[2026-01-02 14:02:25.250] [info] Frame 38 (t = 0.633333):	 total squared error = 0.0218779, marker error: RMS = 0.0315349, max = 0.105037 (Head)
[2026-01-02 14:02:25.308] [info] Frame 39 (t = 0.65):	 total squared error = 0.0218565, marker error: RMS = 0.0315195, max = 0.105155 (Head)
[2026-01-02 14:02:25.368] [info] Frame 40 (t = 0.666667):	 total squared error = 0.0218456, marker error: RMS = 0.0315116, max = 0.105737 (Head)
[2026-01-02 14:02:25.445] [info] Frame 41 (t = 0.683333):	 total squared error = 0.0218068, marker error: RMS = 0.0314836, max = 0.105443 (Head)
[2026-01-02 14:02:25.536] [info] Frame 42 (t = 0.7):	 total squared error = 0.0216897, marker error: RMS = 0.0313989, max = 0.106066 (Head)
[2026-01-02 14:02:25.584] [info] Frame 43 (t = 0.716667):	 total squared error = 0.0214264, marker error: RMS = 0.0312078, max = 0.106147 (Head)
[2026-01-02 14:02:25.651] [info] Frame 44 (t = 0.733333):	 total squared error = 0.0208994, marker error: RMS = 0.0308217, max = 0.105766 (Head)
[2026-01-02 14:02:25.715] [info] Frame 45 (t = 0.75):	 total squared error = 0.0199733, marker error: RMS = 0.0301310, max = 0.104529 (Head)
[2026-01-02 14:02:25.791] [info] Frame 46 (t = 0.766667):	 total squared error = 0.0185164, marker error: RMS = 0.0290113, max = 0.101723 (Head)
[2026-01-02 14:02:25.853] [info] Frame 47 (t = 0.783333):	 total squared error = 0.0165808, marker error: RMS = 0.0274531, max = 0.0974442 (Head)
[2026-01-02 14:02:25.932] [info] Frame 48 (t = 0.8):	 total squared error = 0.0143155, marker error: RMS = 0.0255089, max = 0.0909098 (Head)
[2026-01-02 14:02:26.015] [info] Frame 49 (t = 0.816667):	 total squared error = 0.0120725, marker error: RMS = 0.0234254, max = 0.0823916 (Head)
[2026-01-02 14:02:26.139] [info] Frame 50 (t = 0.833333):	 total squared error = 0.0102508, marker error: RMS = 0.0215858, max = 0.071929 (Head)
[2026-01-02 14:02:26.223] [info] Frame 51 (t = 0.85):	 total squared error = 0.00937227, marker error: RMS = 0.0206401, max = 0.0603168 (Head)
[2026-01-02 14:02:26.320] [info] Frame 52 (t = 0.866667):	 total squared error = 0.00983769, marker error: RMS = 0.0211463, max = 0.0481992 (Head)
[2026-01-02 14:02:26.437] [info] Frame 53 (t = 0.883333):	 total squared error = 0.0119207, marker error: RMS = 0.0232776, max = 0.0471693 (Neck)
[2026-01-02 14:02:26.574] [info] Frame 54 (t = 0.9):	 total squared error = 0.0156080, marker error: RMS = 0.0266356, max = 0.066193 (Neck)
[2026-01-02 14:02:26.658] [info] Frame 55 (t = 0.916667):	 total squared error = 0.0206388, marker error: RMS = 0.0306288, max = 0.0857653 (Neck)
[2026-01-02 14:02:26.950] [info] Frame 56 (t = 0.933333):	 total squared error = 0.0264278, marker error: RMS = 0.0346592, max = 0.104903 (Neck)
[2026-01-02 14:02:27.043] [info] Frame 57 (t = 0.95):	 total squared error = 0.0327787, marker error: RMS = 0.0385997, max = 0.122232 (Neck)
[2026-01-02 14:02:27.156] [info] Frame 58 (t = 0.966667):	 total squared error = 0.0400941, marker error: RMS = 0.0426903, max = 0.136739 (Neck)
[2026-01-02 14:02:27.275] [info] Frame 59 (t = 0.983333):	 total squared error = 0.0502263, marker error: RMS = 0.0477809, max = 0.149095 (Neck)
[2026-01-02 14:02:27.444] [info] Frame 60 (t = 1.0):	 total squared error = 0.0658959, marker error: RMS = 0.0547291, max = 0.160672 (Neck)
[2026-01-02 14:02:27.525] [info] Frame 61 (t = 1.01667):	 total squared error = 0.0887074, marker error: RMS = 0.0634993, max = 0.173119 (Neck)
[2026-01-02 14:02:27.587] [info] Frame 62 (t = 1.03333):	 total squared error = 0.117346, marker error: RMS = 0.0730338, max = 0.187174 (Neck)
[2026-01-02 14:02:27.651] [info] Frame 63 (t = 1.05):	 total squared error = 0.149505, marker error: RMS = 0.0824359, max = 0.219801 (Head)
[2026-01-02 14:02:27.726] [info] Frame 64 (t = 1.06667):	 total squared error = 0.183768, marker error: RMS = 0.0913954, max = 0.262382 (Head)
[2026-01-02 14:02:27.850] [info] Frame 65 (t = 1.08333):	 total squared error = 0.217282, marker error: RMS = 0.0993804, max = 0.302958 (Head)
[2026-01-02 14:02:27.924] [info] Frame 66 (t = 1.1):	 total squared error = 0.244545, marker error: RMS = 0.105431, max = 0.333509 (Head)
[2026-01-02 14:02:27.979] [info] Frame 67 (t = 1.11667):	 total squared error = 0.259986, marker error: RMS = 0.108709, max = 0.350033 (Head)
[2026-01-02 14:02:28.028] [info] Frame 68 (t = 1.13333):	 total squared error = 0.261428, marker error: RMS = 0.109010, max = 0.351393 (Head)
[2026-01-02 14:02:28.106] [info] Frame 69 (t = 1.15):	 total squared error = 0.249457, marker error: RMS = 0.106485, max = 0.340044 (Head)
[2026-01-02 14:02:28.192] [info] Frame 70 (t = 1.16667):	 total squared error = 0.226001, marker error: RMS = 0.101355, max = 0.318786 (Head)
[2026-01-02 14:02:28.280] [info] Frame 71 (t = 1.18333):	 total squared error = 0.194552, marker error: RMS = 0.0940387, max = 0.290080 (Head)
[2026-01-02 14:02:28.384] [info] Frame 72 (t = 1.2):	 total squared error = 0.15966, marker error: RMS = 0.0851895, max = 0.256195 (Head)
[2026-01-02 14:02:28.514] [info] Frame 73 (t = 1.21667):	 total squared error = 0.126098, marker error: RMS = 0.0757080, max = 0.219561 (Head)
[2026-01-02 14:02:28.603] [info] Frame 74 (t = 1.23333):	 total squared error = 0.0974123, marker error: RMS = 0.0665419, max = 0.183595 (Head)
[2026-01-02 14:02:28.686] [info] Frame 75 (t = 1.25):	 total squared error = 0.0753464, marker error: RMS = 0.0585221, max = 0.152789 (Head)
[2026-01-02 14:02:28.778] [info] Frame 76 (t = 1.26667):	 total squared error = 0.0596016, marker error: RMS = 0.0520496, max = 0.131477 (Head)
[2026-01-02 14:02:28.862] [info] Frame 77 (t = 1.28333):	 total squared error = 0.0486744, marker error: RMS = 0.0470369, max = 0.120837 (Head)
[2026-01-02 14:02:28.918] [info] Frame 78 (t = 1.3):	 total squared error = 0.0412322, marker error: RMS = 0.0432919, max = 0.117982 (Head)
[2026-01-02 14:02:29.025] [info] Frame 79 (t = 1.31667):	 total squared error = 0.0363663, marker error: RMS = 0.0406573, max = 0.121076 (Head)
[2026-01-02 14:02:29.113] [info] Frame 80 (t = 1.33333):	 total squared error = 0.0341907, marker error: RMS = 0.0394223, max = 0.124335 (Head)
[2026-01-02 14:02:29.198] [info] Frame 81 (t = 1.35):	 total squared error = 0.0339529, marker error: RMS = 0.039285, max = 0.126118 (Head)
[2026-01-02 14:02:29.264] [info] Frame 82 (t = 1.36667):	 total squared error = 0.034358, marker error: RMS = 0.0395187, max = 0.124583 (Head)
[2026-01-02 14:02:29.369] [info] Frame 83 (t = 1.38333):	 total squared error = 0.0340189, marker error: RMS = 0.0393232, max = 0.121175 (Head)
[2026-01-02 14:02:29.409] [info] Frame 84 (t = 1.4):	 total squared error = 0.0326152, marker error: RMS = 0.0385034, max = 0.115654 (Head)
[2026-01-02 14:02:29.494] [info] Frame 85 (t = 1.41667):	 total squared error = 0.0306513, marker error: RMS = 0.0373262, max = 0.11114 (Head)
[2026-01-02 14:02:29.570] [info] Frame 86 (t = 1.43333):	 total squared error = 0.0290124, marker error: RMS = 0.0363145, max = 0.108858 (Head)
[2026-01-02 14:02:29.610] [info] Frame 87 (t = 1.45):	 total squared error = 0.0282839, marker error: RMS = 0.0358557, max = 0.108011 (Head)
[2026-01-02 14:02:29.639] [info] Frame 88 (t = 1.46667):	 total squared error = 0.0282713, marker error: RMS = 0.0358477, max = 0.107904 (Head)
[2026-01-02 14:02:29.707] [info] Frame 89 (t = 1.48333):	 total squared error = 0.0281067, marker error: RMS = 0.0357432, max = 0.108382 (Head)
[2026-01-02 14:02:29.767] [info] Frame 90 (t = 1.5):	 total squared error = 0.0276898, marker error: RMS = 0.0354771, max = 0.104713 (Head)
[2026-01-02 14:02:29.826] [info] Frame 91 (t = 1.51667):	 total squared error = 0.0272712, marker error: RMS = 0.0352079, max = 0.100209 (Head)
[2026-01-02 14:02:29.871] [info] Frame 92 (t = 1.53333):	 total squared error = 0.0273502, marker error: RMS = 0.0352589, max = 0.0950895 (Head)
[2026-01-02 14:02:29.935] [info] Frame 93 (t = 1.55):	 total squared error = 0.0279016, marker error: RMS = 0.0356125, max = 0.0928152 (Nose)
[2026-01-02 14:02:30.003] [info] Frame 94 (t = 1.56667):	 total squared error = 0.0284151, marker error: RMS = 0.0359388, max = 0.0939604 (Nose)
[2026-01-02 14:02:30.081] [info] Frame 95 (t = 1.58333):	 total squared error = 0.028397, marker error: RMS = 0.0359273, max = 0.0955199 (Nose)
[2026-01-02 14:02:30.129] [info] Frame 96 (t = 1.6):	 total squared error = 0.0279382, marker error: RMS = 0.0356359, max = 0.0972298 (Nose)
[2026-01-02 14:02:30.160] [info] Frame 97 (t = 1.61667):	 total squared error = 0.0272443, marker error: RMS = 0.0351906, max = 0.0951391 (Nose)
[2026-01-02 14:02:30.191] [info] Frame 98 (t = 1.63333):	 total squared error = 0.0268786, marker error: RMS = 0.0349536, max = 0.0960094 (Nose)
[2026-01-02 14:02:30.240] [info] Frame 99 (t = 1.65):	 total squared error = 0.0271445, marker error: RMS = 0.0351261, max = 0.104091 (Nose)
[2026-01-02 14:02:30.260] [info] Frame 100 (t = 1.66667):	 total squared error = 0.028152, marker error: RMS = 0.035772, max = 0.101358 (Nose)
[2026-01-02 14:02:30.298] [info] Frame 101 (t = 1.68333):	 total squared error = 0.0291289, marker error: RMS = 0.0363874, max = 0.108323 (Nose)
[2026-01-02 14:02:30.325] [info] Frame 102 (t = 1.7):	 total squared error = 0.0299803, marker error: RMS = 0.0369153, max = 0.107608 (Nose)
[2026-01-02 14:02:30.353] [info] Frame 103 (t = 1.71667):	 total squared error = 0.0301409, marker error: RMS = 0.0370141, max = 0.107682 (Nose)
[2026-01-02 14:02:30.390] [info] Frame 104 (t = 1.73333):	 total squared error = 0.0295118, marker error: RMS = 0.0366257, max = 0.107840 (Nose)
[2026-01-02 14:02:30.429] [info] Frame 105 (t = 1.75):	 total squared error = 0.0286203, marker error: RMS = 0.0360683, max = 0.104608 (Nose)
[2026-01-02 14:02:30.477] [info] Frame 106 (t = 1.76667):	 total squared error = 0.0278087, marker error: RMS = 0.0355532, max = 0.100213 (Nose)
[2026-01-02 14:02:30.520] [info] Frame 107 (t = 1.78333):	 total squared error = 0.0275369, marker error: RMS = 0.0353791, max = 0.0958616 (Nose)
[2026-01-02 14:02:30.562] [info] Frame 108 (t = 1.8):	 total squared error = 0.0280590, marker error: RMS = 0.0357129, max = 0.0942699 (Nose)
[2026-01-02 14:02:30.601] [info] Frame 109 (t = 1.81667):	 total squared error = 0.0292833, marker error: RMS = 0.0364837, max = 0.0929942 (Nose)
[2026-01-02 14:02:30.644] [info] Frame 110 (t = 1.83333):	 total squared error = 0.0308565, marker error: RMS = 0.0374509, max = 0.0916538 (Nose)
[2026-01-02 14:02:30.692] [info] Frame 111 (t = 1.85):	 total squared error = 0.0323884, marker error: RMS = 0.0383692, max = 0.0910650 (Nose)
[2026-01-02 14:02:30.736] [info] Frame 112 (t = 1.86667):	 total squared error = 0.0334071, marker error: RMS = 0.038968, max = 0.0908602 (Nose)
[2026-01-02 14:02:30.769] [info] Frame 113 (t = 1.88333):	 total squared error = 0.0334878, marker error: RMS = 0.0390150, max = 0.0907132 (Head)
[2026-01-02 14:02:30.818] [info] Frame 114 (t = 1.9):	 total squared error = 0.0318941, marker error: RMS = 0.0380754, max = 0.0959566 (Head)
[2026-01-02 14:02:30.881] [info] Frame 115 (t = 1.91667):	 total squared error = 0.0285696, marker error: RMS = 0.0360363, max = 0.0963999 (Head)
[2026-01-02 14:02:30.931] [info] Frame 116 (t = 1.93333):	 total squared error = 0.0237811, marker error: RMS = 0.0328779, max = 0.092962 (Head)
[2026-01-02 14:02:30.976] [info] Frame 117 (t = 1.95):	 total squared error = 0.0186495, marker error: RMS = 0.0291154, max = 0.0860309 (Head)
[2026-01-02 14:02:31.020] [info] Frame 118 (t = 1.96667):	 total squared error = 0.0144017, marker error: RMS = 0.0255856, max = 0.0764553 (Head)
[2026-01-02 14:02:31.069] [info] Frame 119 (t = 1.98333):	 total squared error = 0.0117881, marker error: RMS = 0.0231479, max = 0.0650297 (Head)
[2026-01-02 14:02:31.171] [info] Frame 120 (t = 2.0):	 total squared error = 0.0107756, marker error: RMS = 0.0221314, max = 0.0546561 (Head)
[2026-01-02 14:02:31.215] [info] Frame 121 (t = 2.01667):	 total squared error = 0.0111858, marker error: RMS = 0.0225487, max = 0.0436836 (Head)
[2026-01-02 14:02:31.282] [info] Frame 122 (t = 2.03333):	 total squared error = 0.0130670, marker error: RMS = 0.0243712, max = 0.0449485 (RShoulder)
[2026-01-02 14:02:31.325] [info] Frame 123 (t = 2.05):	 total squared error = 0.0163914, marker error: RMS = 0.0272958, max = 0.0561994 (Neck)
[2026-01-02 14:02:31.399] [info] Frame 124 (t = 2.06667):	 total squared error = 0.0206856, marker error: RMS = 0.0306636, max = 0.0678959 (Neck)
[2026-01-02 14:02:31.455] [info] Frame 125 (t = 2.08333):	 total squared error = 0.0254782, marker error: RMS = 0.0340309, max = 0.0793299 (Neck)
[2026-01-02 14:02:31.521] [info] Frame 126 (t = 2.1):	 total squared error = 0.0302207, marker error: RMS = 0.0370630, max = 0.0886586 (Neck)
[2026-01-02 14:02:31.564] [info] Frame 127 (t = 2.11667):	 total squared error = 0.0341737, marker error: RMS = 0.0394125, max = 0.0950190 (Neck)
[2026-01-02 14:02:31.596] [info] Frame 128 (t = 2.13333):	 total squared error = 0.0370137, marker error: RMS = 0.0410176, max = 0.09921 (Neck)
[2026-01-02 14:02:31.659] [info] Frame 129 (t = 2.15):	 total squared error = 0.0398912, marker error: RMS = 0.0425821, max = 0.103531 (Neck)
[2026-01-02 14:02:31.761] [info] Frame 130 (t = 2.16667):	 total squared error = 0.0455359, marker error: RMS = 0.0454952, max = 0.111194 (Neck)
[2026-01-02 14:02:31.797] [info] Frame 131 (t = 2.18333):	 total squared error = 0.0572625, marker error: RMS = 0.0510181, max = 0.124395 (Neck)
[2026-01-02 14:02:31.824] [info] Frame 132 (t = 2.2):	 total squared error = 0.0776109, marker error: RMS = 0.059395, max = 0.142983 (Neck)
[2026-01-02 14:02:31.860] [info] Frame 133 (t = 2.21667):	 total squared error = 0.107425, marker error: RMS = 0.0698782, max = 0.187058 (Head)
[2026-01-02 14:02:31.907] [info] Frame 134 (t = 2.23333):	 total squared error = 0.143141, marker error: RMS = 0.0806623, max = 0.228719 (Head)
[2026-01-02 14:02:31.970] [info] Frame 135 (t = 2.25):	 total squared error = 0.176857, marker error: RMS = 0.0896601, max = 0.259382 (Head)
[2026-01-02 14:02:32.017] [info] Frame 136 (t = 2.26667):	 total squared error = 0.200242, marker error: RMS = 0.0954039, max = 0.274329 (Head)
[2026-01-02 14:02:32.064] [info] Frame 137 (t = 2.28333):	 total squared error = 0.207105, marker error: RMS = 0.0970250, max = 0.274615 (Head)
[2026-01-02 14:02:32.107] [info] Frame 138 (t = 2.3):	 total squared error = 0.195903, marker error: RMS = 0.0943646, max = 0.261846 (Head)
[2026-01-02 14:02:32.146] [info] Frame 139 (t = 2.31667):	 total squared error = 0.171533, marker error: RMS = 0.0883003, max = 0.238699 (Head)
[2026-01-02 14:02:32.196] [info] Frame 140 (t = 2.33333):	 total squared error = 0.142905, marker error: RMS = 0.0805958, max = 0.211146 (Head)
[2026-01-02 14:02:32.236] [info] Frame 141 (t = 2.35):	 total squared error = 0.117162, marker error: RMS = 0.0729764, max = 0.18534 (Head)
[2026-01-02 14:02:32.282] [info] Frame 142 (t = 2.36667):	 total squared error = 0.096788, marker error: RMS = 0.0663284, max = 0.164722 (Head)
[2026-01-02 14:02:32.318] [info] Frame 143 (t = 2.38333):	 total squared error = 0.0814332, marker error: RMS = 0.0608400, max = 0.147733 (Head)
[2026-01-02 14:02:32.344] [info] Frame 144 (t = 2.4):	 total squared error = 0.0699767, marker error: RMS = 0.0563982, max = 0.135348 (Head)
[2026-01-02 14:02:32.374] [info] Frame 145 (t = 2.41667):	 total squared error = 0.0609039, marker error: RMS = 0.0526152, max = 0.127163 (Head)
[2026-01-02 14:02:32.418] [info] Frame 146 (t = 2.43333):	 total squared error = 0.0532611, marker error: RMS = 0.0492033, max = 0.121925 (Head)
[2026-01-02 14:02:32.449] [info] Frame 147 (t = 2.45):	 total squared error = 0.0467665, marker error: RMS = 0.0461058, max = 0.116726 (Head)
[2026-01-02 14:02:32.550] [info] Frame 148 (t = 2.46667):	 total squared error = 0.0410089, marker error: RMS = 0.0431745, max = 0.113288 (Head)
[2026-01-02 14:02:32.593] [info] Frame 149 (t = 2.48333):	 total squared error = 0.036389, marker error: RMS = 0.0406700, max = 0.110456 (Head)
[2026-01-02 14:02:32.631] [info] Frame 150 (t = 2.5):	 total squared error = 0.0326967, marker error: RMS = 0.0385514, max = 0.108625 (Head)
[2026-01-02 14:02:32.668] [info] Frame 151 (t = 2.51667):	 total squared error = 0.0298489, marker error: RMS = 0.0368343, max = 0.107172 (Head)
[2026-01-02 14:02:32.703] [info] Frame 152 (t = 2.53333):	 total squared error = 0.0276007, marker error: RMS = 0.03542, max = 0.106108 (Head)
[2026-01-02 14:02:32.737] [info] Frame 153 (t = 2.55):	 total squared error = 0.0258185, marker error: RMS = 0.0342574, max = 0.105635 (Head)
[2026-01-02 14:02:32.830] [info] Frame 154 (t = 2.56667):	 total squared error = 0.0243374, marker error: RMS = 0.0332603, max = 0.105765 (Head)
[2026-01-02 14:02:32.872] [info] Frame 155 (t = 2.58333):	 total squared error = 0.0232009, marker error: RMS = 0.0324744, max = 0.105460 (Head)
[2026-01-02 14:02:32.906] [info] Frame 156 (t = 2.6):	 total squared error = 0.0223495, marker error: RMS = 0.031873, max = 0.105496 (Head)
[2026-01-02 14:02:32.962] [info] Frame 157 (t = 2.61667):	 total squared error = 0.0217764, marker error: RMS = 0.0314617, max = 0.104929 (Head)
[2026-01-02 14:02:32.995] [info] Frame 158 (t = 2.63333):	 total squared error = 0.0213573, marker error: RMS = 0.0311575, max = 0.104652 (Head)
[2026-01-02 14:02:33.045] [info] Frame 159 (t = 2.65):	 total squared error = 0.0209956, marker error: RMS = 0.0308925, max = 0.104012 (Head)
[2026-01-02 14:02:33.081] [info] Frame 160 (t = 2.66667):	 total squared error = 0.0207222, marker error: RMS = 0.0306907, max = 0.103562 (Head)
[2026-01-02 14:02:33.157] [info] Frame 161 (t = 2.68333):	 total squared error = 0.0205102, marker error: RMS = 0.0305333, max = 0.103455 (Head)
[2026-01-02 14:02:33.195] [info] Frame 162 (t = 2.7):	 total squared error = 0.0203790, marker error: RMS = 0.0304355, max = 0.103643 (Head)
[2026-01-02 14:02:33.233] [info] Frame 163 (t = 2.71667):	 total squared error = 0.0202449, marker error: RMS = 0.0303352, max = 0.103859 (Head)
[2026-01-02 14:02:33.272] [info] Frame 164 (t = 2.73333):	 total squared error = 0.0200387, marker error: RMS = 0.0301803, max = 0.103849 (Head)
[2026-01-02 14:02:33.321] [info] Frame 165 (t = 2.75):	 total squared error = 0.0197905, marker error: RMS = 0.0299928, max = 0.103915 (Head)
[2026-01-02 14:02:33.355] [info] Frame 166 (t = 2.76667):	 total squared error = 0.0195712, marker error: RMS = 0.0298262, max = 0.103437 (Head)
[2026-01-02 14:02:33.427] [info] Frame 167 (t = 2.78333):	 total squared error = 0.0193888, marker error: RMS = 0.0296868, max = 0.103440 (Head)
[2026-01-02 14:02:33.466] [info] Frame 168 (t = 2.8):	 total squared error = 0.0192924, marker error: RMS = 0.0296129, max = 0.103109 (Head)
[2026-01-02 14:02:33.506] [info] Frame 169 (t = 2.81667):	 total squared error = 0.0192368, marker error: RMS = 0.0295703, max = 0.103026 (Head)
[2026-01-02 14:02:33.537] [info] Frame 170 (t = 2.83333):	 total squared error = 0.0192634, marker error: RMS = 0.0295907, max = 0.102912 (Head)
[2026-01-02 14:02:33.562] [info] Frame 171 (t = 2.85):	 total squared error = 0.0193355, marker error: RMS = 0.029646, max = 0.103025 (Head)
[2026-01-02 14:02:33.606] [info] Frame 172 (t = 2.86667):	 total squared error = 0.0195132, marker error: RMS = 0.0297819, max = 0.103599 (Head)
[2026-01-02 14:02:33.638] [info] Frame 173 (t = 2.88333):	 total squared error = 0.0196866, marker error: RMS = 0.0299139, max = 0.103967 (Head)
[2026-01-02 14:02:33.675] [info] Frame 174 (t = 2.9):	 total squared error = 0.0198604, marker error: RMS = 0.0300457, max = 0.104215 (Head)
[2026-01-02 14:02:33.704] [info] Frame 175 (t = 2.91667):	 total squared error = 0.0199618, marker error: RMS = 0.0301223, max = 0.104331 (Head)
[2026-01-02 14:02:33.733] [info] Frame 176 (t = 2.93333):	 total squared error = 0.0199963, marker error: RMS = 0.0301483, max = 0.104316 (Head)
[2026-01-02 14:02:33.823] [info] Frame 177 (t = 2.95):	 total squared error = 0.0199853, marker error: RMS = 0.0301401, max = 0.104046 (Head)
[2026-01-02 14:02:33.828] [info] InverseKinematicsTool completed 178 frames in 11 second(s).
[2026-01-02 14:02:35.300] [info] Loaded model Pose2Sim_scaled from file C:\Users\BB1\Desktop\MStudio\tests\opensim_output\CMJ_zero.osim
[2026-01-02 14:02:35.301] [warning] Couldn't find file 'r_pelvis.vtp'.
[2026-01-02 14:02:35.301] [warning] Couldn't find file 'l_pelvis.vtp'.
[2026-01-02 14:02:35.301] [warning] Couldn't find file 'sacrum.vtp'.
[2026-01-02 14:02:35.301] [warning] Couldn't find file 'femur_r.vtp'.
[2026-01-02 14:02:35.301] [warning] Couldn't find file 'r_patella.vtp'.
[2026-01-02 14:02:35.301] [warning] Couldn't find file 'tibia_r.vtp'.
[2026-01-02 14:02:35.302] [warning] Couldn't find file 'fibula_r.vtp'.
[2026-01-02 14:02:35.302] [warning] Couldn't find file 'talus_rv.vtp'.
[2026-01-02 14:02:35.302] [warning] Couldn't find file 'foot.vtp'.
[2026-01-02 14:02:35.302] [warning] Couldn't find file 'bofoot.vtp'.
[2026-01-02 14:02:35.302] [warning] Couldn't find file 'femur_l.vtp'.
[2026-01-02 14:02:35.302] [warning] Couldn't find file 'l_patella.vtp'.
[2026-01-02 14:02:35.302] [warning] Couldn't find file 'tibia_l.vtp'.
[2026-01-02 14:02:35.302] [warning] Couldn't find file 'fibula_l.vtp'.
[2026-01-02 14:02:35.302] [warning] Couldn't find file 'talus_lv.vtp'.
[2026-01-02 14:02:35.302] [warning] Couldn't find file 'l_foot.vtp'.
[2026-01-02 14:02:35.302] [warning] Couldn't find file 'l_bofoot.vtp'.
[2026-01-02 14:02:35.302] [warning] Couldn't find file 'lumbar5.vtp'.
[2026-01-02 14:02:35.303] [warning] Couldn't find file 'lumbar4.vtp'.
[2026-01-02 14:02:35.303] [warning] Couldn't find file 'lumbar3.vtp'.
[2026-01-02 14:02:35.303] [warning] Couldn't find file 'lumbar2.vtp'.
[2026-01-02 14:02:35.303] [warning] Couldn't find file 'lumbar1.vtp'.
[2026-01-02 14:02:35.303] [warning] Couldn't find file 'cerv1sm.vtp'.
[2026-01-02 14:02:35.303] [warning] Couldn't find file 'cerv2sm.vtp'.
[2026-01-02 14:02:35.303] [warning] Couldn't find file 'cerv3sm.vtp'.
[2026-01-02 14:02:35.303] [warning] Couldn't find file 'cerv4sm.vtp'.
[2026-01-02 14:02:35.303] [warning] Couldn't find file 'cerv5sm.vtp'.
[2026-01-02 14:02:35.303] [warning] Couldn't find file 'cerv6sm.vtp'.
[2026-01-02 14:02:35.304] [warning] Couldn't find file 'cerv7.vtp'.
[2026-01-02 14:02:35.304] [warning] Couldn't find file 'thoracic12_s.vtp'.
[2026-01-02 14:02:35.304] [warning] Couldn't find file 'thoracic11_s.vtp'.
[2026-01-02 14:02:35.304] [warning] Couldn't find file 'thoracic10_s.vtp'.
[2026-01-02 14:02:35.304] [warning] Couldn't find file 'thoracic9_s.vtp'.
[2026-01-02 14:02:35.304] [warning] Couldn't find file 'thoracic8_s.vtp'.
[2026-01-02 14:02:35.304] [warning] Couldn't find file 'thoracic7_s.vtp'.
[2026-01-02 14:02:35.304] [warning] Couldn't find file 'thoracic6_s.vtp'.
[2026-01-02 14:02:35.304] [warning] Couldn't find file 'thoracic5_s.vtp'.
[2026-01-02 14:02:35.304] [warning] Couldn't find file 'thoracic4_s.vtp'.
[2026-01-02 14:02:35.304] [warning] Couldn't find file 'thoracic3_s.vtp'.
[2026-01-02 14:02:35.304] [warning] Couldn't find file 'thoracic2_s.vtp'.
[2026-01-02 14:02:35.305] [warning] Couldn't find file 'thoracic1_s.vtp'.
[2026-01-02 14:02:35.305] [warning] Couldn't find file 'hat_ribs_scap.vtp'.
[2026-01-02 14:02:35.305] [warning] Couldn't find file 'jaw.vtp'.
[2026-01-02 14:02:35.305] [warning] Couldn't find file 'skull.vtp'.
[2026-01-02 14:02:35.305] [warning] Couldn't find file 'humerus_rv.vtp'.
[2026-01-02 14:02:35.305] [warning] Couldn't find file 'ulna_rv.vtp'.
[2026-01-02 14:02:35.305] [warning] Couldn't find file 'radius_rv.vtp'.
[2026-01-02 14:02:35.305] [warning] Couldn't find file 'pisiform_rvs.vtp'.
[2026-01-02 14:02:35.305] [warning] Couldn't find file 'lunate_rvs.vtp'.
[2026-01-02 14:02:35.305] [warning] Couldn't find file 'scaphoid_rvs.vtp'.
[2026-01-02 14:02:35.306] [warning] Couldn't find file 'triquetrum_rvs.vtp'.
[2026-01-02 14:02:35.306] [warning] Couldn't find file 'hamate_rvs.vtp'.
[2026-01-02 14:02:35.306] [warning] Couldn't find file 'capitate_rvs.vtp'.
[2026-01-02 14:02:35.306] [warning] Couldn't find file 'trapezoid_rvs.vtp'.
[2026-01-02 14:02:35.306] [warning] Couldn't find file 'trapezium_rvs.vtp'.
[2026-01-02 14:02:35.306] [warning] Couldn't find file 'metacarpal2_rvs.vtp'.
[2026-01-02 14:02:35.306] [warning] Couldn't find file 'index_proximal_rvs.vtp'.
[2026-01-02 14:02:35.306] [warning] Couldn't find file 'index_medial_rvs.vtp'.
[2026-01-02 14:02:35.306] [warning] Couldn't find file 'index_distal_rvs.vtp'.
[2026-01-02 14:02:35.306] [warning] Couldn't find file 'metacarpal3_rvs.vtp'.
[2026-01-02 14:02:35.306] [warning] Couldn't find file 'middle_proximal_rvs.vtp'.
[2026-01-02 14:02:35.306] [warning] Couldn't find file 'middle_medial_rvs.vtp'.
[2026-01-02 14:02:35.306] [warning] Couldn't find file 'middle_distal_rvs.vtp'.
[2026-01-02 14:02:35.307] [warning] Couldn't find file 'metacarpal4_rvs.vtp'.
[2026-01-02 14:02:35.307] [warning] Couldn't find file 'ring_proximal_rvs.vtp'.
[2026-01-02 14:02:35.307] [warning] Couldn't find file 'ring_medial_rvs.vtp'.
[2026-01-02 14:02:35.307] [warning] Couldn't find file 'ring_distal_rvs.vtp'.
[2026-01-02 14:02:35.307] [warning] Couldn't find file 'metacarpal5_rvs.vtp'.
[2026-01-02 14:02:35.307] [warning] Couldn't find file 'little_proximal_rvs.vtp'.
[2026-01-02 14:02:35.307] [warning] Couldn't find file 'little_medial_rvs.vtp'.
[2026-01-02 14:02:35.307] [warning] Couldn't find file 'little_distal_rvs.vtp'.
[2026-01-02 14:02:35.307] [warning] Couldn't find file 'metacarpal1_rvs.vtp'.
[2026-01-02 14:02:35.307] [warning] Couldn't find file 'thumb_proximal_rvs.vtp'.
[2026-01-02 14:02:35.307] [warning] Couldn't find file 'thumb_distal_rvs.vtp'.
[2026-01-02 14:02:35.307] [warning] Couldn't find file 'humerus_lv.vtp'.
[2026-01-02 14:02:35.308] [warning] Couldn't find file 'ulna_lv.vtp'.
[2026-01-02 14:02:35.308] [warning] Couldn't find file 'radius_lv.vtp'.
[2026-01-02 14:02:35.308] [warning] Couldn't find file 'pisiform_lvs.vtp'.
[2026-01-02 14:02:35.308] [warning] Couldn't find file 'lunate_lvs.vtp'.
[2026-01-02 14:02:35.308] [warning] Couldn't find file 'scaphoid_lvs.vtp'.
[2026-01-02 14:02:35.308] [warning] Couldn't find file 'triquetrum_lvs.vtp'.
[2026-01-02 14:02:35.308] [warning] Couldn't find file 'hamate_lvs.vtp'.
[2026-01-02 14:02:35.308] [warning] Couldn't find file 'capitate_lvs.vtp'.
[2026-01-02 14:02:35.308] [warning] Couldn't find file 'trapezoid_lvs.vtp'.
[2026-01-02 14:02:35.308] [warning] Couldn't find file 'trapezium_lvs.vtp'.
[2026-01-02 14:02:35.308] [warning] Couldn't find file 'metacarpal2_lvs.vtp'.
[2026-01-02 14:02:35.308] [warning] Couldn't find file 'index_proximal_lvs.vtp'.
[2026-01-02 14:02:35.308] [warning] Couldn't find file 'index_medial_lvs.vtp'.
[2026-01-02 14:02:35.308] [warning] Couldn't find file 'index_distal_lvs.vtp'.
[2026-01-02 14:02:35.309] [warning] Couldn't find file 'metacarpal3_lvs.vtp'.
[2026-01-02 14:02:35.309] [warning] Couldn't find file 'middle_proximal_lvs.vtp'.
[2026-01-02 14:02:35.309] [warning] Couldn't find file 'middle_medial_lvs.vtp'.
[2026-01-02 14:02:35.309] [warning] Couldn't find file 'middle_distal_lvs.vtp'.
[2026-01-02 14:02:35.309] [warning] Couldn't find file 'metacarpal4_lvs.vtp'.
[2026-01-02 14:02:35.309] [warning] Couldn't find file 'ring_proximal_lvs.vtp'.
[2026-01-02 14:02:35.309] [warning] Couldn't find file 'ring_medial_lvs.vtp'.
[2026-01-02 14:02:35.309] [warning] Couldn't find file 'ring_distal_lvs.vtp'.
[2026-01-02 14:02:35.309] [warning] Couldn't find file 'metacarpal5_lvs.vtp'.
[2026-01-02 14:02:35.309] [warning] Couldn't find file 'little_proximal_lvs.vtp'.
[2026-01-02 14:02:35.309] [warning] Couldn't find file 'little_medial_lvs.vtp'.
[2026-01-02 14:02:35.310] [warning] Couldn't find file 'little_distal_lvs.vtp'.
[2026-01-02 14:02:35.310] [warning] Couldn't find file 'metacarpal1_lvs.vtp'.
[2026-01-02 14:02:35.310] [warning] Couldn't find file 'thumb_proximal_lvs.vtp'.
[2026-01-02 14:02:35.310] [warning] Couldn't find file 'thumb_distal_lvs.vtp'.
